11,ACEH,adm1
11.01,KAB. ACEH SELATAN,adm2
11.01.01,Bakongan,adm3
11.01.01.2001,Keude Bakongan,adm4
11.01.01.2002,Ujong Mangki,adm4
11.01.01.2003,Ujong Padang,adm4
11.01.01.2004,Gampong Drien,adm4
11.01.01.2015,Darul Ikhsan,adm4
11.01.01.2016,Padang Beurahan,adm4
11.01.01.2017,Gampong Baro,adm4
11.01.02,Kluet Utara,adm3
11.01.02.2001,Fajar Harapan,adm4
17,BENGKULU,adm1
17.01,KAB. BENGKULU SELATAN,adm2
17.01.01,Kedurang,adm3
17.01.01.2001,Batu Ampar,adm4
17.01.01.2002,Rantau Sialang,adm4
17.01.01.2003,Bumi Agung,adm4
17.01.01.2004,Palak Siring,adm4
17.01.01.2005,Keban Agung I,adm4
17.01.01.2006,Keban Agung II,adm4
17.01.01.2007,Tanjung Alam,adm4
17.01.01.2008,Tanjung Negara,adm4
17.01.01.2009,Keban Agung III,adm4
17.01.01.2010,Suka Nanti,adm4
17.01.01.2011,Muara Tiga,adm4
17.01.01.2012,Tanjung Besar,adm4
17.01.01.2013,Pajar Bulan,adm4
17.01.01.2014,Durian Sebatang,adm4
17.01.01.2015,Lawang Agung,adm4
17.01.01.2027,Nanti Agung,adm4
17.01.01.2028,Karang Agung,adm4
17.01.01.2029,Lubuk Resam,adm4
17.01.01.2030,Muara Tiga Ilir,adm4
34,DAERAH ISTIMEWA YOGYAKARTA,adm1
34.01,KAB. KULON PROGO,adm2
34.01.01,Temon,adm3
34.01.01.2001,Jangkaran,adm4
34.01.01.2002,Sindutan,adm4
34.01.01.2003,Palihan,adm4
34.01.01.2004,Glagah,adm4
34.01.01.2005,Kalidengen,adm4
34.01.01.2006,Plumbon,adm4
34.01.01.2007,Kedundang,adm4
34.01.01.2008,Demen,adm4
34.01.01.2009,Kulur,adm4
34.01.01.2010,Kaligintung,adm4
34.01.01.2011,Temon Wetan,adm4
34.01.01.2012,Temon Kulon,adm4
34.01.01.2013,Kebonrejo,adm4
34.01.01.2014,Janten,adm4
34.01.01.2015,Karangwuluh,adm4
34.01.02,Wates,adm3
34.01.02.2001,Karangwuni,adm4
34.01.02.2002,Sogan,adm4
34.01.02.2003,Kulwaru,adm4
34.01.02.2004,Ngestiharjo,adm4
34.01.02.2005,Bendungan,adm4
34.01.02.2006,Triharjo,adm4
34.01.02.2007,Giripeni,adm4
34.01.02.1008,Wates,adm4
34.01.03,Panjatan,adm3
34.01.03.2001,Garongan,adm4
34.01.03.2002,Pleret,adm4
34.01.03.2003,Bugel,adm4
34.01.03.2004,Kanoman,adm4
34.01.03.2005,Depok,adm4
34.01.03.2006,Bojong,adm4
34.01.03.2007,Tayuban,adm4
34.01.03.2008,Gotakan,adm4
34.01.03.2009,Panjatan,adm4
34.01.03.2010,Cerme,adm4
34.01.03.2011,Krembangan,adm4
34.01.04,Galur,adm3
34.01.04.2001,Banaran,adm4
34.01.04.2002,Kranggan,adm4
34.01.04.2003,Nomporejo,adm4
34.01.04.2004,Karangsewu,adm4
34.01.04.2005,Tirtorahayu,adm4
34.01.04.2006,Pandowan,adm4
34.01.04.2007,Brosot,adm4
34.01.05,Lendah,adm3
34.01.05.2001,Wahyuharjo,adm4
34.01.05.2002,Bumirejo,adm4
34.01.05.2003,Jatirejo,adm4
34.01.05.2004,Sidorejo,adm4
34.01.05.2005,Gulurejo,adm4
34.01.05.2006,Ngentakrejo,adm4
34.01.06,Sentolo,adm3
34.01.06.2001,Demangrejo,adm4
34.01.06.2002,Srikayangan,adm4
34.01.06.2003,Tuksono,adm4
34.01.06.2004,Salamrejo,adm4
34.01.06.2005,Sukoreno,adm4
34.01.06.2006,Kaliagung,adm4
34.01.06.2007,Sentolo,adm4
34.01.06.2008,Banguncipto,adm4
34.01.07,Pengasih,adm3
34.01.07.2001,Tawangsari,adm4
34.01.07.2002,Karangsari,adm4
34.01.07.2003,Kedungsari,adm4
34.01.07.2004,Margosari,adm4
34.01.07.2005,Pengasih,adm4
34.01.07.2006,Sendangsari,adm4
34.01.07.2007,Sidomulyo,adm4
34.01.08,Kokap,adm3
34.01.08.2001,Hargomulyo,adm4
34.01.08.2002,Hargorejo,adm4
34.01.08.2003,Hargowilis,adm4
34.01.08.2004,Kalirejo,adm4
34.01.08.2005,Hargotirto,adm4
34.01.09,Girimulyo,adm3
34.01.09.2001,Jatimulyo,adm4
34.01.09.2002,Giripurwo,adm4
34.01.09.2003,Pendoworejo,adm4
34.01.09.2004,Purwosari,adm4
34.01.10,Nanggulan,adm3
34.01.10.2001,Banyuroto,adm4
34.01.10.2002,Donomulyo,adm4
34.01.10.2003,Wijimulyo,adm4
34.01.10.2004,Tanjungharjo,adm4
34.01.10.2005,Jatisarono,adm4
34.01.10.2006,Kembang,adm4
34.01.11,Samigaluh,adm3
34.01.11.2001,Kebonharjo,adm4
34.01.11.2002,Banjarsari,adm4
34.01.11.2003,Purwoharjo,adm4
34.01.11.2004,Sidoharjo,adm4
34.01.11.2005,Gerbosari,adm4
34.01.11.2006,Ngargosari,adm4
34.01.11.2007,Pagerharjo,adm4
34.01.12,Kalibawang,adm3
34.01.12.2001,Banjararum,adm4
34.01.12.2002,Banjarasri
34.01.12.2003,Banjarharjo,adm4
34.01.12.2004,Banjaroyo,adm4
34.02,KAB. BANTUL,adm2
34.02.01,Srandakan,adm3
34.02.01.2001,Poncosari,adm4
34.02.01.2002,Trimurti,adm4
34.02.02,Sanden,adm3
34.02.02.2001,Gadingsari,adm4
34.02.02.2002,Gadingharjo,adm4
34.02.02.2003,Srigading,adm4
34.02.02.2004,Murtigading,adm4
34.02.03,Kretek,adm3
34.02.03.2001,Tirtomulyo,adm4
34.02.03.2002,Parangtritis,adm4
34.02.03.2003,Donotirto,adm4
34.02.03.2004,Tirtosari,adm4
34.02.03.2005,Tirtohargo,adm4
34.02.04,Pundong,adm3
34.02.04.2001,Seloharjo,adm4
34.02.04.2002,Panjangrejo,adm4
34.02.04.2003,Srihardono,adm4
34.02.05,Bambanglipuro,adm3
34.02.05.2001,Sidomulyo,adm4
34.02.05.2002,Mulyodadi,adm4
34.02.05.2003,Sumbermulyo,adm4
34.02.06,Pandak,adm3
34.02.06.2001,Catuharjo,adm4
34.02.06.2002,Triharjo,adm4
34.02.06.2003,Gilangharjo,adm4
34.02.06.2004,Wijirejo,adm4
34.02.07,Pajangan,adm3
34.02.07.2001,Triwidadi,adm4
34.02.07.2002,Sendangsari,adm4
34.02.07.2003,Guwosari,adm4
34.02.08,Bantul,adm3
34.02.08.2001,Palbapang,adm4
34.02.08.2002,Ringinharjo,adm4
34.02.08.2003,Bantul,adm4
34.02.08.2004,Trirenggo,adm4
34.02.08.2005,Sabdodadi,adm4
34.02.09,Jetis,adm3
34.02.09.2001,Patalan,adm4
34.02.09.2002,Canden,adm4
34.02.09.2003,Sumberagung,adm4
34.02.09.2004,Trimulyo,adm4
34.02.10,Imogiri,adm3
34.02.10.2001,Selopamioro,adm4
34.02.10.2002,Sriharjo,adm4
34.02.10.2003,Wukirsari,adm4
34.02.10.2004,Kebonagung,adm4
34.02.10.2005,Karangtengah,adm4
34.02.10.2006,Girirejo,adm4
34.02.10.2007,Karangtalun,adm4
34.02.10.2008,Imogiri,adm4
34.02.11,Dlingo,adm3
34.02.11.2001,Mangunan,adm4
34.02.11.2002,Muntuk,adm4
34.02.11.2003,Dlingo,adm4
34.02.11.2004,Temuwuh,adm4
34.02.11.2005,Terong,adm4
34.02.11.2006,Jatimulyo,adm4
34.02.12,Banguntapan,adm3
34.02.12.2001,Baturetno,adm4
34.02.12.2002,Banguntapan,adm4
34.02.12.2003,Jagalan,adm4
34.02.12.2004,Singosaren,adm4
34.02.12.2005,Jambidan,adm4
34.02.12.2006,Potorono,adm4
34.02.12.2007,Tamanan,adm4
34.02.12.2008,Wirokerten,adm4
34.02.13,Pleret,adm3
34.02.13.2001,Wonokromo,adm4
34.02.13.2002,Pleret,adm4
34.02.13.2003,Segoroyoso,adm4
34.02.13.2004,Bawuran,adm4
34.02.13.2005,Wonolelo,adm4
34.02.14,Piyungan,adm3
34.02.14.2001,Sitimulyo,adm4
34.02.14.2002,Srimulyo,adm4
34.02.14.2003,Srimartani,adm4
34.02.15,Sewon,adm3
34.02.15.2001,Pendowoharjo,adm4
34.02.15.2002,Timbulharjo,adm4
34.02.15.2003,Bangunharjo,adm4
34.02.15.2004,Panggungharjo,adm4
34.02.16,Kasihan,adm3
34.02.16.2001,Bangunjiwo,adm4
34.02.16.2002,Tirtonirmolo,adm4
34.02.16.2003,Tamantirto,adm4
34.02.16.2004,Ngestiharjo,adm4
34.02.17,Sedayu,adm3
34.02.17.2001,Argodadi,adm4
34.02.17.2002,Argorejo,adm4
34.02.17.2003,Argosari,adm4
34.02.17.2004,Argomulyo,adm4
34.03,KAB. GUNUNGKIDUL,adm4
34.03.01,Wonosari,adm4
34.03.01.2001,Wonosari,adm4
34.03.01.2002,Kepek,adm4
34.03.01.2003,Piyaman,adm4
34.03.01.2004,Gari,adm4
34.03.01.2005,Karangtengah,adm4
34.03.01.2006,Selang,adm4
34.03.01.2007,Baleharjo,adm4
34.03.01.2008,Siraman,adm4
34.03.01.2009,Pulutan,adm4
34.03.01.2010,Wareng,adm4
34.03.01.2011,Duwet,adm4
34.03.01.2012,Mulo,adm4
34.03.01.2013,Wunung,adm4
34.03.01.2014,Karangrejek,adm4
34.03.02,Nglipar,adm3
34.03.02.2001,Natah,adm4
34.03.02.2002,Pilangrejo,adm4
34.03.02.2003,Kedungpoh,adm4
34.03.02.2004,Pengkol,adm4
34.03.02.2005,Kedungkeris,adm4
34.03.02.2006,Nglipar,adm4
34.03.02.2007,Katongan,adm4
34.03.03,Playen,adm3
34.03.03.2001,Banyusoco,adm4
34.03.03.2002,Plembutan,adm4
34.03.03.2003,Bleberan,adm4
34.03.03.2004,Getas,adm4
34.03.03.2005,Dengok,adm4
34.03.03.2006,Ngunut,adm4
34.03.03.2007,Playen,adm4
34.03.03.2008,Ngawu,adm4
34.03.03.2009,Bandung,adm4
34.03.03.2010,Logandeng,adm4
34.03.03.2011,Gading,adm4
34.03.03.2012,Banaran,adm4
34.03.03.2013,Ngleri,adm4
34.03.04,Patuk,adm3
34.03.04.2001,Bunder,adm4
34.03.04.2002,Beji,adm4
34.03.04.2003,Pengkok,adm4
34.03.04.2004,Semoyo,adm4
34.03.04.2005,Salam,adm4
34.03.04.2006,Patuk,adm4
34.03.04.2007,Ngoro-oro,adm4
34.03.04.2008,Nglanggeran,adm4
34.03.04.2009,Putat,adm4
34.03.04.2010,Nglegi,adm4
34.03.04.2011,Terbah,adm4
34.03.05,Paliyan,adm3
34.03.05.2001,Sodo,adm4
34.03.05.2002,Pampang,adm4
34.03.05.2003,Grogol,adm4
34.03.05.2004,Karangduwet,adm4
34.03.05.2005,Karangasem,adm4
34.03.05.2006,Mulusan,adm4
34.03.05.2007,Giring,adm4
34.03.06,Panggang,adm3
34.03.06.2001,Girikarto,adm4
34.03.06.2002,Girisekar,adm4
34.03.06.2003,Girimulyo,adm4
34.03.06.2004,Giriwungu,adm4
34.03.06.2005,Giriharjo,adm4
34.03.06.2006,Girisuko,adm4
34.03.07,Tepus,adm3
34.03.07.2001,Giripanggung,adm4
34.03.07.2002,Sumberwungu,adm4
34.03.07.2003,Sidoharjo,adm4
34.03.07.2004,Tepus,adm4
34.03.07.2005,Purwodadi,adm4
34.03.08,Semanu,adm3
34.03.08.2001,Ngeposari,adm4
34.03.08.2002,Semanu,adm4
34.03.08.2003,Pacarejo,adm4
34.03.08.2004,Candirejo,adm4
34.03.08.2005,Dadapayu,adm4
34.03.09,Karangmojo,adm3
34.03.09.2001,Bejiharjo,adm4
34.03.09.2002,Wiladeg,adm4
34.03.09.2003,Bendungan,adm4
34.03.09.2004,Kelor,adm4
34.03.09.2005,Ngipak,adm4
34.03.09.2006,Karangmojo,adm4
34.03.09.2007,Gedangrejo,adm4
34.03.09.2008,Ngawis,adm4
34.03.09.2009,Jatiayu,adm4
34.03.10,Ponjong,adm4
34.03.10.2001,Umbulrejo,adm4
34.03.10.2002,Sawahan,adm4
34.03.10.2003,Tambakromo,adm4
34.03.10.2004,Kenteng,adm4
34.03.10.2005,Sumbergiri,adm4
34.03.10.2006,Genjahan,adm4
34.03.10.2007,Ponjong,adm4
34.03.10.2008,Karangasem,adm4
34.03.10.2009,Bedoyo,adm4
34.03.10.2010,Sidorejo,adm4
34.03.10.2011,Gombang,adm4
34.03.11,Rongkop,adm3
34.03.11.2001,Bohol,adm4
34.03.11.2002,Pringombo,adm4
34.03.11.2003,Botodayaan,adm4
34.03.11.2004,Petir,adm4
34.03.11.2005,Pucanganom,adm4
34.03.11.2006,Semugih,adm4
34.03.11.2007,Melikan,adm4
34.03.11.2008,Karangwuni,adm4
34.03.12,Semin,adm3
34.03.12.2001,Kalitekuk,adm4
34.03.12.2002,Kemejing,adm4
34.03.12.2003,Bulurejo,adm4
34.03.12.2004,Sumberejo,adm4
34.03.12.2005,Bendung,adm4
34.03.12.2006,Candirejo,adm4
34.03.12.2007,Rejosari,adm4
34.03.12.2008,Karangsari,adm4
34.03.12.2009,Pundungsari,adm4
34.03.12.2010,Semin,adm4
34.03.13,Ngawen,adm3
34.03.13.2001,Tancep,adm4
34.03.13.2002,Sambirejo,adm4
34.03.13.2003,Jurangjero,adm4
34.03.13.2004,Kampung,adm4
34.03.13.2005,Beji,adm4
34.03.13.2006,Watusigar,adm4
34.03.14,Gedangsari,adm3
34.03.14.2001,Hargomulyo,adm4
34.03.14.2002,Mertelu,adm4
34.03.14.2003,Watugajah,adm4
34.03.14.2004,Sampang,adm4
34.03.14.2005,Serut,adm4
34.03.14.2006,Ngalang,adm4
34.03.14.2007,Tegalrejo,adm4
34.03.15,Saptosari,adm3
34.03.15.2001,Krambilsawit,adm4
34.03.15.2002,Ngloro,adm4
34.03.15.2003,Jetis,adm4
34.03.15.2004,Kepek,adm4
34.03.15.2005,Kanigoro,adm4
34.03.15.2006,Monggol,adm4
34.03.15.2007,Planjan,adm4
34.03.16,Girisubo,adm3
34.03.16.2001,Balong,adm4
34.03.16.2002,Jepitu,adm4
34.03.16.2003,Karangawen,adm4
34.03.16.2004,Nglindur,adm4
34.03.16.2005,Jerukwudel,adm4
34.03.16.2006,Tileng,adm4
34.03.16.2007,Pucung,adm4
34.03.16.2008,Songbanyu,adm4
34.03.17,Tanjungsari,adm3,
34.03.17.2001,Hargosari,adm4
34.03.17.2002,Kemiri,adm4
34.03.17.2003,Kemadang,adm4
34.03.17.2004,Banjarejo,adm4
34.03.17.2005,Ngestirejo,adm4
34.03.17.2006,Tanjungsari,adm4
34.03.18,Purwosari,adm3
34.03.18.2001,Giripurwo,adm4
34.03.18.2002,Giricahyo,adm4
34.03.18.2003,Girijati,adm4
34.03.18.2004,Giriasih,adm4
34.03.18.2005,Giritirto,adm4
34.04,KAB. SLEMAN,adm2
34.04.01,Gamping,adm3
34.04.01.2001,Balecatur,adm4
34.04.01.2002,Ambarketawang,adm4
34.04.01.2003,Banyuraden,adm4
34.04.01.2004,Nogotirto,adm4
34.04.01.2005,Trihanggo,adm4
34.04.02,Godean,adm3
34.04.02.2001,Sidorejo,adm4
34.04.02.2002,Sidoluhur,adm4
34.04.02.2003,Sidomulyo,adm4
34.04.02.2004,Sidoagung,adm4
34.04.02.2005,Sidokarto,adm4
34.04.02.2006,Sidoarum,adm4
34.04.02.2007,Sidomoyo,adm4
34.04.03,Moyudan,adm3
34.04.03.2001,Sumberrahayu,adm4
34.04.03.2002,Sumbersari,adm4
34.04.03.2003,Sumberagung,adm4
34.04.03.2004,Sumberarum,adm4
34.04.04,Minggir,adm3
34.04.04.2001,Sendangarum,adm4
34.04.04.2002,Sendangmulyo,adm4
34.04.04.2003,Sendangagung,adm4
34.04.04.2004,Sendangsari,adm4
34.04.04.2005,Sendangrejo,adm4
34.04.05,Seyegan,adm3
34.04.05.2001,Margoluwih,adm4
34.04.05.2002,Margodadi,adm4
34.04.05.2003,Margokaton,adm4
34.04.05.2004,Margomulyo,adm4
34.04.05.2005,Margoagung,adm4
34.04.06,Mlati,adm3
34.04.06.2001,Sinduadi,adm4
34.04.06.2002,Sendangadi,adm4
34.04.06.2003,Tlogoadi,adm4
34.04.06.2004,Tirtoadi,adm4
34.04.06.2005,Sumberadi,adm4
34.04.07,Depok,adm3
34.04.07.2001,Caturtunggal,adm4
34.04.07.2002,Maguwoharjo,adm4
34.04.07.2003,Condongcatur,adm4
34.04.08,Berbah,adm3
34.04.08.2001,Sendangtirto,adm4
34.04.08.2002,Tegaltirto,adm4
34.04.08.2003,Kalitirto,adm4
34.04.08.2004,Jogotirto,adm4
34.04.09,Prambanan,adm3
34.04.09.2001,Sumberharjo,adm4
34.04.09.2002,Wukirharjo,adm4
34.04.09.2003,Gayamharjo,adm4
34.04.09.2004,Sambirejo,adm4
34.04.09.2005,Madurejo,adm4
34.04.09.2006,Bokoharjo,adm4
34.04.10,Kalasan,adm3
34.04.10.2001,Purwomartani,adm4
34.04.10.2002,Tirtomartani,adm4
34.04.10.2003,Tamanmartani,adm4
34.04.10.2004,Selomartani,adm4
34.04.11,Ngemplak,adm3
34.04.11.2001,Sindumartani,adm4
34.04.11.2002,Bimomartani,adm4
34.04.11.2003,Widodomartani,adm4
34.04.11.2004,Wedomartani,adm4
34.04.11.2005,Umbulmartani,adm4
34.04.12,Ngaglik,adm3
34.04.12.2001,Sariharjo,adm4
34.04.12.2002,Minomartani,adm4
34.04.12.2003,Sinduharjo,adm4
34.04.12.2004,Sukoharjo,adm4
34.04.12.2005,Sardonoharjo,adm4
34.04.12.2006,Donoharjo,adm4
34.04.13,Sleman,adm3
34.04.13.2001,Caturharjo,adm4
34.04.13.2002,Triharjo,adm4
34.04.13.2003,Tridadi,adm4
34.04.13.2004,Pandowoharjo,adm4
34.04.13.2005,Trimulyo,adm4
34.04.14,Tempel,adm3
34.04.14.2001,Banyurejo,adm4    
34.04.14.2002,Tambakrejo,adm4
34.04.14.2003,Sumberrejo,adm4
34.04.14.2004,Pondokrejo,adm4
34.04.14.2005,Mororejo,adm4
34.04.14.2006,Margorejo,adm4
34.04.14.2007,Lumbungrejo,adm4
34.04.14.2008,Merdikorejo,adm4
34.04.15,Turi,adm3
34.04.15.2001,Bangunkerto,adm4
34.04.15.2002,Donokerto,adm4
34.04.15.2003,Girikerto,adm4
34.04.15.2004,Wonokerto,adm4
34.04.16,Pakem,adm3
34.04.16.2001,Purwobinangun,adm4
34.04.16.2002,Candibinangun,adm4
34.04.16.2003,Harjobinangun,adm4
34.04.16.2004,Pakembinangun,adm4
34.04.16.2005,Hargobinangun,adm4
34.04.17,Cangkringan,adm3
34.04.17.2001,Argomulyo,adm4
34.04.17.2002,Wukirsari,adm4
34.04.17.2003,Glagaharjo,adm4
34.04.17.2004,Kepuharjo,adm4
34.04.17.2005,Umbulharjo,adm4
34.71,KOTA YOGYAKARTA,adm2
34.71.01,Tegalrejo,adm3
34.71.01.1001,Kricak,adm4
34.71.01.1002,Karangwaru,adm4
34.71.01.1003,Tegalrejo,adm4
34.71.01.1004,Bener,adm4
34.71.02,Jetis,adm3
34.71.02.1001,Bumijo,adm4
34.71.02.1002,Cokrodiningratan,adm4
34.71.02.1003,Gowongan,adm4
34.71.03,Gondokusuman,adm3
34.71.03.1001,Demangan,adm4
34.71.03.1002,Kotabaru,adm4
34.71.03.1003,Klitren,adm4
34.71.03.1004,Baciro,adm4
34.71.03.1005,Terban,adm4
34.71.04,Danurejan,adm3
34.71.04.1001,Suryatmajan,adm4
34.71.04.1002,Tegalpanggung,adm4
34.71.04.1003,Bausasran,adm4
34.71.05,Gedongtengen.adm3
34.71.05.1001,Sosromenduran,adm4
34.71.05.1002,Pringgokusuman,adm4
34.71.06,Ngampilan,adm3
34.71.06.1001,Ngampilan,adm4
34.71.06.1002,Notoprajan,adm4
34.71.07,Wirobrajan,adm3
34.71.07.1001,Pakuncen,adm4
34.71.07.1002,Wirobrajan,adm4
34.71.07.1003,Patangpuluhan,adm4
34.71.08,Mantrijeron,adm3
34.71.08.1001,Gedongkiwo,adm4
34.71.08.1002,Suryodiningratan,adm4
34.71.08.1003,Mantrijeron,adm4
34.71.09,Kraton,adm3
34.71.09.1001,Patehan,adm4
34.71.09.1002,Panembahan,adm4
34.71.09.1003,Kadipaten,adm4
34.71.10,Gondomanan,adm3
34.71.10.1001,Ngupasan,adm4
34.71.10.1002,Prawirodirjan,adm4
34.71.11,Pakualaman,adm3
34.71.11.1001,Purwokinanti,adm4
34.71.11.1002,Gunungketur,adm4
34.71.12,Mergangsan,adm3
34.71.12.1001,Keparakan,adm4
34.71.12.1002,Wirogunan,adm4
34.71.12.1003,Brontokusuman,adm4
34.71.13,Umbulharjo,adm3
34.71.13.1001,Semaki,adm4
34.71.13.1002,Muja Muju,adm4
34.71.13.1003,Tahunan,adm4
34.71.13.1004,Warungboto,adm4
34.71.13.1005,Pandeyan,adm4
34.71.13.1006,Sorosutan,adm4
34.71.13.1007,Giwangan,adm4
34.71.14,Kotagede,adm3
34.71.14.1001,Rejowinangun,adm4
34.71.14.1002,Prenggan,adm4
34.71.14.1003,Purbayan,adm4
33.71.03.1006,Gelangan,adm4
33.72,KOTA SURAKARTA,adm2
33.72.01,Laweyan,adm3
33.72.01.1001,Pajang,adm4
33.72.01.1002,Laweyan,adm4
33.72.01.1003,Bumi,adm4
33.72.01.1004,Panularan,adm4
33.72.01.1005,Penumping,adm4
33.72.01.1006,Sriwedari,adm4
33.72.01.1007,Purwosari,adm4
33.72.01.1008,Sondakan,adm4
33.72.01.1009,Kerten,adm4
33.72.01.1010,Jajar,adm4
33.72.01.1011,Karangasem,adm4
33.72.02,Serengan,adm3
33.72.02.1001,Joyotakan,adm4
33.72.02.1002,Danukusuman,adm4
33.72.02.1003,Serengan,adm4
33.72.02.1004,Tipes,adm4
33.72.02.1005,Kratonan,adm4
33.72.02.1006,Jayengan,adm4
33.72.02.1007,Kemlayan,adm4
33.72.03,Pasar Kliwon,adm3
33.72.03.1001,Joyosuran,adm4
33.72.03.1002,Semanggi,adm4
33.72.03.1003,Pasarkliwon,adm4
33.72.03.1004,Gajahan,adm4
33.72.03.1005,Baluwarti,adm4
33.72.03.1006,Kampungbaru,adm4
33.72.03.1007,Kedunglumbu,adm4
33.72.03.1008,Sangkrah,adm4
33.72.03.1009,Kauman,adm4
33.72.03.1010,Mojo,adm4
33.72.04,Jebres,adm3
33.72.04.1001,Kepatihan Kulon,adm4
33.72.04.1002,Kepatihan Wetan,adm4
33.72.04.1003,Sudiroprajan,adm4
33.72.04.1004,Gandekan,adm4
33.72.04.1005,Sewu,adm4
33.72.04.1006,Pucangsawit,adm4
33.72.04.1007,Jagalan,adm4
33.72.04.1008,Purwodiningratan,adm4
33.72.04.1009,Tegalharjo,adm4
33.72.04.1010,Jebres,adm4
33.72.04.1011,Mojosongo,adm4
33.72.05,Banjarsari,adm3
33.72.05.1001,Kadipiro,adm4
33.72.05.1002,Nusukan,adm4
33.72.05.1003,Gilingan,adm4
33.72.05.1004,Setabelan,adm4
33.72.05.1005,Kestalan,adm4
33.72.05.1006,Keprabon,adm4
33.72.05.1007,Timuran,adm4
33.72.05.1008,Ketelan,adm4
33.72.05.1009,Punggawan,adm4
33.72.05.1010,Mangkubumen,adm4
33.72.05.1011,Manahan,adm4
33.72.05.1012,Sumber,adm4
33.72.05.1013,Banyuanyar,adm4
33.72.05.1014,Banjarsari,adm4
33.72.05.1015,Joglo,adm4
31,DKI JAKARTA,adm1
31.01,KAB. ADM. KEP. SERIBU,adm2
31.01.01,Kepulauan Seribu Utara,adm3
31.01.01.1001,Pulau Panggang,adm4
31.01.01.1002,Pulau Kelapa,adm4
31.01.01.1003,Pulau Harapan,adm4
31.01.02,Kepulauan Seribu Selatan,adm3
31.01.02.1001,Pulau Untung Jawa,adm4
31.01.02.1002,Pulau Tidung,adm4
31.01.02.1003,Pulau Pari,adm4
31.01.02.1004,Pulau Pramuka,adm4
31.71,KOTA ADM. JAKARTA PUSAT,adm2
31.71.01,Gambir,adm3
31.71.01.1001,Gambir,adm4
31.71.01.1002,Cideng,adm4
31.71.01.1003,Petojo Utara,adm4
31.71.01.1004,Petojo Selatan,adm4
31.71.01.1005,Kebon Kelapa,adm4
31.71.01.1006,Duri Pulo,adm4
31.71.02,Sawah Besar,adm3
31.71.02.1001,Pasar Baru,adm4
31.71.02.1002,Karang Anyar,adm4
31.71.02.1003,Kartini,adm4
31.71.02.1004,Gunung Sahari Utara,adm4
31.71.02.1005,Mangga Dua Selatan,adm4
31.71.03,Kemayoran,adm3
31.71.03.1001,Kemayoran,adm4
31.71.03.1002,Kebon Kosong,adm4
31.71.03.1003,Harapan Mulia,adm4
31.71.03.1004,Serdang,adm4
31.71.03.1005,Gunung Sahari Selatan,adm4
31.71.03.1006,Cempaka Baru,adm4
31.71.03.1007,Sumur Batu,adm4
31.71.03.1008,Utan Panjang,adm4
31.71.04,Senen,adm3
31.71.04.1001,Senen,adm4
31.71.04.1002,Kenari,adm4
31.71.04.1003,Paseban,adm4
31.71.04.1004,Kramat,adm4
31.71.04.1005,Kwitang,adm4
31.71.04.1006,Bungur,adm4
31.71.05,Cempaka Putih,adm3
31.71.05.1001,Cempaka Putih Timur,adm4
31.71.05.1002,Cempaka Putih Barat,adm4
31.71.05.1003,Rawasari,adm4
31.71.06,Menteng,adm3
31.71.06.1001,Menteng,adm4
31.71.06.1002,Pegangsaan,adm4
31.71.06.1003,Cikini,adm4
31.71.06.1004,Gondangdia,adm4
31.71.06.1005,Kebon Sirih,adm4
31.71.07,Tanah Abang,adm3
31.71.07.1001,Gelora,adm4
31.71.07.1002,Bendungan Hilir,adm4
31.71.07.1003,Karet Tengsin,adm4
31.71.07.1004,Petamburan,adm4
31.71.07.1005,Kebon Melati,adm4
31.71.07.1006,Kebon Kacang,adm4
31.71.07.1007,Kampung Bali,adm4
31.71.08,Johar Baru,adm3
31.71.08.1001,Johar Baru,adm4
31.71.08.1002,Kampung Rawa,adm4
31.71.08.1003,Galur,adm4
31.71.08.1004,Tanah Tinggi,adm4
31.72,KOTA ADM. JAKARTA UTARA,adm2
31.72.01,Penjaringan,adm3
31.72.01.1001,Penjaringan,adm4
31.72.01.1002,Kamal Muara,adm4
31.72.01.1003,Kapuk Muara,adm4
31.72.01.1004,Pejagalan,adm4
31.72.01.1005,Pluit,adm4
31.72.02,Tanjung Priok,adm3
31.72.02.1001,Tanjung Priok,adm4
31.72.02.1002,Sunter Jaya,adm4
31.72.02.1003,Papanggo,adm4
31.72.02.1004,Sungai Bambu,adm4
31.72.02.1005,Kebon Bawang,adm4
31.72.02.1006,Sunter Agung,adm4
31.72.02.1007,Warakas,adm4
31.72.03,Koja,adm3
31.72.03.1001,Koja,adm4
31.72.03.1002,Tugu Utara,adm4
31.72.03.1003,Lagoa,adm4
31.72.03.1004,Rawa Badak Utara,adm4
31.72.03.1005,Tugu Selatan,adm4
31.72.03.1006,Rawa Badak Selatan,adm4
31.72.04,Cilincing,adm3
31.72.04.1001,Cilincing,adm4
31.72.04.1002,Sukapura,adm4
31.72.04.1003,Marunda,adm4
31.72.04.1004,Kalibaru,adm4
31.72.04.1005,Semper Timur,adm4
31.72.04.1006,Rorotan,adm4
31.72.04.1007,Semper Barat,adm4
31.72.05,Pademangan,adm3
31.72.05.1001,Pademangan Timur,adm4
31.72.05.1002,Pademangan Barat,adm4
31.72.05.1003,Ancol,adm4
31.72.06,Kelapa Gading,adm3
31.72.06.1001,Kelapa Gading Timur,adm4
31.72.06.1002,Pegangsaan Dua,adm4
31.72.06.1003,Kelapa Gading Barat,adm4
31.73,KOTA ADM. JAKARTA BARAT,adm2
31.73.01,Cengkareng,adm3
31.73.01.1001,Cengkareng Barat,adm4
31.73.01.1002,Duri Kosambi,adm4
31.73.01.1003,Rawa Buaya,adm4
31.73.01.1004,Kedaung Kali Angke,adm4
31.73.01.1005,Kapuk,adm4
31.73.01.1006,Cengkareng Timur,adm4
31.73.02,Grogol Petamburan,adm3
31.73.02.1001,Grogol,adm4
31.73.02.1002,Tanjung Duren Utara,adm4
31.73.02.1003,Tomang,adm4
31.73.02.1004,Jelambar,adm4
31.73.02.1005,Tanjung Duren Selatan,adm4
31.73.02.1006,Jelambar Baru,adm4
31.73.02.1007,Wijaya Kusuma,adm4
31.73.03,Taman Sari,adm3
31.73.03.1001,Taman Sari,adm4
31.73.03.1002,Krukut,adm4
31.73.03.1003,Maphar,adm4
31.73.03.1004,Tangki,adm4
31.73.03.1005,Mangga Besar,adm4
31.73.03.1006,Keagungan,adm4
31.73.03.1007,Glodok,adm4
31.73.03.1008,Pinangsia,adm4
31.73.04,Tambora,adm3
31.73.04.1001,Tambora,adm4
31.73.04.1002,Kali Anyar,adm4
31.73.04.1003,Duri Utara,adm4
31.73.04.1004,Tanah Sereal,adm4
31.73.04.1005,Krendang,adm4
31.73.04.1006,Jembatan Besi,adm4
31.73.04.1007,Angke,adm4
31.73.04.1008,Jembatan Lima,adm4
31.73.04.1009,Pekojan,adm4
31.73.04.1010,Roa Malaka,adm4
31.73.04.1011,Duri Selatan,adm4
31.73.05,Kebon Jeruk,adm3
31.73.05.1001,Kebon Jeruk,adm4
31.73.05.1002,Sukabumi Utara,adm4
31.73.05.1003,Sukabumi Selatan,adm4
31.73.05.1004,Kelapa Dua,adm4
31.73.05.1005,Duri Kepa,adm4
31.73.05.1006,Kedoya Utara,adm4
31.73.05.1007,Kedoya Selatan,adm4
31.73.06,Kalideres,adm3
31.73.06.1001,Kalideres,adm4
31.73.06.1002,Semanan,adm4
31.73.06.1003,Tegal Alur,adm4
31.73.06.1004,Kamal,adm4
31.73.06.1005,Pegadungan,adm4
31.73.07,Pal Merah,adm3
31.73.07.1001,Palmerah,adm4
31.73.07.1002,Slipi,adm4
31.73.07.1003,Kota Bambu Utara,adm4
31.73.07.1004,Jatipulo,adm4
31.73.07.1005,Kemanggisan,adm4
31.73.07.1006,Kota Bambu Selatan,adm4
31.73.07.1007,Tomang,adm4
31.73.08,Kembangan,adm3
31.73.08.1001,Kembangan Utara,adm4
31.73.08.1002,Meruya Utara,adm4
31.73.08.1003,Meruya Selatan,adm4
31.73.08.1004,Srengseng,adm4
31.73.08.1005,Joglo,adm4
31.73.08.1006,Kembangan Selatan,adm4
31.74,KOTA ADM. JAKARTA SELATAN,adm2
31.74.01,Tebet,adm3
31.74.01.1001,Tebet Timur,adm4
31.74.01.1002,Tebet Barat,adm4
31.74.01.1003,Menteng Dalam,adm4
31.74.01.1004,Kebon Baru,adm4
31.74.01.1005,Bukit Duri,adm4
31.74.01.1006,Manggarai Selatan,adm4
31.74.01.1007,Manggarai,adm4
31.74.02,Setiabudi,adm3
31.74.02.1001,Setia Budi,adm4
31.74.02.1002,Karet Semanggi,adm4
31.74.02.1003,Karet Kuningan,adm4
31.74.02.1004,Karet,adm4
31.74.02.1005,Menteng Atas,adm4
31.74.02.1006,Pasar Manggis,adm4
31.74.02.1007,Guntur,adm4
31.74.02.1008,Kuningan Timur,adm4
31.74.03,Mampang Prapatan,adm3
31.74.03.1001,Mampang Prapatan,adm4
31.74.03.1002,Bangka,adm4
31.74.03.1003,Pela Mampang,adm4
31.74.03.1004,Tegal Parang,adm4
31.74.03.1005,Kuningan Barat,adm4
31.74.04,Pasar Minggu,adm3
31.74.04.1001,Pasar Minggu,adm4
31.74.04.1002,Jati Padang,adm4
31.74.04.1003,Cilandak Timur,adm4
31.74.04.1004,Ragunan,adm4
31.74.04.1005,Pejaten Timur,adm4
31.74.04.1006,Pejaten Barat,adm4
31.74.04.1007,Kebagusan,adm4
31.74.05,Kebayoran Lama,adm3
31.74.05.1001,Kebayoran Lama Utara,adm4
31.74.05.1002,Pondok Pinang,adm4
31.74.05.1003,Cipulir,adm4
31.74.05.1004,Grogol Utara,adm4
31.74.05.1005,Grogol Selatan,adm4
31.74.05.1006,Kebayoran Lama Selatan,adm4
31.74.06,Cilandak,adm3
31.74.06.1001,Cilandak Barat,adm4
31.74.06.1002,Lebak Bulus,adm4
31.74.06.1003,Pondok Labu,adm4
31.74.06.1004,Gandaria Selatan,adm4
31.74.06.1005,Cipete Selatan,adm4
31.74.07,Kebayoran Baru,adm3
31.74.07.1001,Melawai,adm4
31.74.07.1002,Gunung,adm4
31.74.07.1003,Kramat Pela,adm4
31.74.07.1004,Selong,adm4
31.74.07.1005,Rawa Barat,adm4
31.74.07.1006,Senayan,adm4
31.74.07.1007,Pulo,adm4
31.74.07.1008,Petogogan,adm4
31.74.07.1009,Gandaria Utara,adm4
31.74.07.1010,Cipete Utara,adm4
31.74.08,Pancoran,adm3
31.74.08.1001,Pancoran,adm4
31.74.08.1002,Kalibata,adm4
31.74.08.1003,Rawajati,adm4
31.74.08.1004,Duren Tiga,adm4
31.74.08.1005,Pengadegan,adm4
31.74.08.1006,Cikoko,adm4
31.74.09,Jagakarsa,adm3
31.74.09.1001,Jagakarsa,adm4
31.74.09.1002,Srengseng Sawah,adm4
31.74.09.1003,Ciganjur,adm4
31.74.09.1004,Lenteng Agung,adm4
31.74.09.1005,Tanjung Barat,adm4
31.74.09.1006,Cipedak,adm4
31.74.10,Pesanggrahan,adm3
31.74.10.1001,Pesanggrahan,adm4
31.74.10.1002,Bintaro,adm4
31.74.10.1003,Petukangan Utara,adm4
31.74.10.1004,Petukangan Selatan,adm4
31.74.10.1005,Ulujami,adm4
31.75,KOTA ADM. JAKARTA TIMUR,adm2
31.75.01,Matraman,adm3
31.75.01.1001,Pisangan Baru,adm4
31.75.01.1002,Utan Kayu Utara,adm4
31.75.01.1003,Kayu Manis,adm4
31.75.01.1004,Palmeriam,adm4
31.75.01.1005,Kebon Manggis,adm4
31.75.01.1006,Utan Kayu Selatan,adm4
31.75.02,Pulogadung,adm3
31.75.02.1001,Pulo Gadung,adm4
31.75.02.1002,Pisangan Timur,adm4
31.75.02.1003,Cipinang,adm4
31.75.02.1004,Jatinegara Kaum,adm4
31.75.02.1005,Rawamangun,adm4
31.75.02.1006,Kayu Putih,adm4
31.75.02.1007,Jati,adm4
31.75.03,Jatinegara,adm3
31.75.03.1001,Kampung Melayu,adm4
31.75.03.1002,Bidara Cina,adm4
31.75.03.1003,Bali Mester,adm4
31.75.03.1004,Rawa Bunga,adm4
31.75.03.1005,Cipinang Cempedak,adm4
31.75.03.1006,Cipinang Muara,adm4
31.75.03.1007,Cipinang Besar Selatan,adm4
31.75.03.1008,Cipinang Besar Utara,adm4
31.75.04,Kramatjati,adm3
31.75.04.1001,Kramatjati,adm4
31.75.04.1002,Tengah,adm4
31.75.04.1003,Dukuh,adm4
31.75.04.1004,Batu Ampar,adm4
31.75.04.1005,Balekambang,adm4
31.75.04.1006,Cililitan,adm4
31.75.04.1007,Cawang,adm4
31.75.05,Pasar Rebo,adm3
31.75.05.1001,Gedong,adm4
31.75.05.1002,Baru,adm4
31.75.05.1003,Cijantung,adm4
31.75.05.1004,Kalisari,adm4
31.75.05.1005,Pekayon,adm4
31.75.06,Cakung,adm3
31.75.06.1001,Jatinegara,adm4
31.75.06.1002,Rawa Terate,adm4
31.75.06.1003,Penggilingan,adm4
31.75.06.1004,Cakung Timur,adm4
31.75.06.1005,Pulo Gebang,adm4
31.75.06.1006,Ujung Menteng,adm4
31.75.06.1007,Cakung Barat,adm4
31.75.07,Duren Sawit,adm3
31.75.07.1001,Duren Sawit,adm4
31.75.07.1002,Pondok Bambu,adm4
31.75.07.1003,Klender,adm4
31.75.07.1004,Pondok Kelapa,adm4
31.75.07.1005,Malaka Sari,adm4
31.75.07.1006,Malaka Jaya,adm4
31.75.07.1007,Pondok Kopi,adm4
31.75.08,Makasar,adm3
31.75.08.1001,Makasar,adm4
31.75.08.1002,Pinangranti,adm4
31.75.08.1003,Kebon Pala,adm4
31.75.08.1004,Halim Perdana Kusuma,adm4
31.75.08.1005,Cipinang Melayu,adm4
31.75.09,Ciracas,adm3
31.75.09.1001,Ciracas,adm4
31.75.09.1002,Cibubur,adm4
31.75.09.1003,Kelapa Dua Wetan,adm4
31.75.09.1004,Susukan,adm4
31.75.09.1005,Rambutan,adm4
31.75.10,Cipayung,adm3
31.75.10.1001,Cipayung,adm4
31.75.10.1002,Cilangkap,adm4
31.75.10.1003,Pondok Ranggon,adm4
31.75.10.1004,Munjul,adm4
31.75.10.1005,Setu,adm4
31.75.10.1006,Bambu Apus,adm4
31.75.10.1007,Lubang Buaya,adm4
31.75.10.1008,Ceger,adm4
32,JAWA BARAT,adm1
32.01,KAB. BOGOR,adm2
32.01.01,Cibinong,adm3
32.01.01.1001,Pondok Rajeg,adm4
32.01.01.1002,Karadenan,adm4
32.01.01.1003,Harapanjaya,adm4
32.01.01.1004,Nanggewer,adm4
32.01.01.1005,Nanggewer Mekar,adm4
32.01.01.1006,Cibinong,adm4
32.01.01.1007,Pakansari,adm4
32.01.01.1008,Tengah,adm4
32.01.01.1009,Sukahati,adm4
32.01.01.1010,Ciriung,adm4
32.01.01.1011,Cirimekar,adm4
32.01.01.1012,Pabuaran,adm4
32.01.01.1013,Pabuaran Mekar,adm4
32.01.02,Gunung Putri,adm3
32.01.02.2001,Wanaherang,adm4
32.01.02.2002,Bojong Kulur,adm4
32.01.02.2003,Ciangsana,adm4
32.01.02.2004,Gunung Putri,adm4
32.01.02.2005,Bojong Nangka,adm4
32.01.02.2006,Tlajung Udik,adm4
32.01.02.2007,Cicadas,adm4
32.01.02.2008,Cikeas Udik,adm4
32.01.02.2009,Nagrak,adm4
32.01.02.2010,Karanggan,adm4
32.01.03,Citeureup,adm3
32.01.03.2001,Puspasari,adm4
32.01.03.2002,Citeureup,adm4
32.01.03.2003,Leuwinutug,adm4
32.01.03.2004,Tajur,adm4
32.01.03.2005,Sanja,adm4
32.01.03.1006,Puspanegara,adm4
32.01.03.1007,Karang Asem Barat,adm4
32.01.03.2008,Karang Asem Timur,adm4
32.01.03.2009,Tarikolot,adm4
32.01.03.2010,Gunungsari,adm4
32.01.03.2011,Tangkil,adm4
32.01.03.2012,Sukahati,adm4
32.01.03.2013,Hambalang,adm4
32.01.03.2014,Pasirmukti,adm4
32.01.04,Sukaraja,adm3
32.01.04.2001,Gununggeulis,adm4
32.01.04.2002,Cilebut Timur,adm4
32.01.04.2003,Cilebut Barat,adm4
32.01.04.2004,Cibanon,adm4
32.01.04.2005,Nagrak,adm4
32.01.04.2006,Sukatani,adm4
32.01.04.2007,Sukaraja,adm4
32.01.04.2008,Cikeas,adm4
32.01.04.2009,Pasir Jambu,adm4
32.01.04.2010,Cimandala,adm4
32.01.04.2011,Cijujung,adm4
32.01.04.2012,Cadasngampar,adm4
32.01.04.2013,Pasirlaja,adm4
32.01.05,Babakan Madang,adm3
32.01.05.2001,Cijayanti,adm4
32.01.05.2002,Sumurbatu,adm4
32.01.05.2003,Sentul,adm4
32.01.05.2004,Karangtengah,adm4
32.01.05.2005,Cipambuan,adm4
32.01.05.2006,Kadumanggu,adm4
32.01.05.2007,Citaringgul,adm4
32.01.05.2008,Babakan Madang,adm4
32.01.05.2009,Bojong Koneng,adm4
32.01.06,Jonggol,adm3
32.01.06.2001,Sukamaju,adm4
32.01.06.2002,Sirnagalih,adm4
32.01.06.2003,Singajaya,adm4
32.01.06.2004,Sukasirna,adm4
32.01.06.2005,Sukanegara,adm4
32.01.06.2006,Sukamanah,adm4
32.01.06.2007,Weninggalih,adm4
32.01.06.2008,Cibodas,adm4
32.01.06.2009,Jonggol,adm4
32.01.06.2010,Bendungan,adm4
32.01.06.2011,Singasari,adm4
32.01.06.2012,Balekambang,adm4
32.01.06.2013,Sukajaya,adm4
32.01.06.2014,Sukagalih,adm4
32.01.07,Cileungsi,adm3
32.01.07.2001,Pasirangin,adm4
32.01.07.2002,Mekarsari,adm4
32.01.07.2003,Mampir,adm4
32.01.07.2004,Dayeuh,adm4
32.01.07.2005,Gandoang,adm4
32.01.07.2006,Jatisari,adm4
32.01.07.2007,Cileungsi Kidul,adm4
32.01.07.2008,Cipeucang,adm4
32.01.07.2009,Situsari,adm4
32.01.07.2010,Cipenjo,adm4
32.01.07.2011,Limusnunggal,adm4
32.01.07.2012,Cileungsi,adm4
32.01.08,Cariu,adm3
32.01.08.2001,Karyamekar,adm4
32.01.08.2002,Babakanraden,adm4
32.01.08.2003,Cikutamahi,adm4
32.01.08.2004,Kutamekar,adm4
32.01.08.2005,Cariu,adm4
32.01.08.2006,Mekarwangi,adm4
32.01.08.2007,Bantarkuning,adm4
32.01.08.2008,Sukajadi,adm4
32.01.08.2009,Tegalpanjang,adm4
32.01.08.2010,Cibatutiga,adm4
32.01.09,Sukamakmur,adm3
32.01.09.2001,Wargajaya,adm4
32.01.09.2002,Pabuaran,adm4
32.01.09.2003,Sukadamai,adm4
32.01.09.2004,Sukawangi,adm4
32.01.09.2005,Cibadak,adm4
32.01.09.2006,Sukaresmi,adm4
32.01.09.2007,Sukamulya,adm4
32.01.09.2008,Sukaharja,adm4
32.01.09.2009,Sirnajaya,adm4
32.01.09.2010,Sukamakmur,adm4
32.01.10,Parung,adm3
32.01.10.2001,Parung,adm4
32.01.10.2002,Iwul,adm4
32.01.10.2003,Bojongsempu,adm4
32.01.10.2004,Waru,adm4
32.01.10.2005,Cogreg,adm4
32.01.10.2006,Pamegarsari,adm4
32.01.10.2007,Warujaya,adm4
32.01.10.2008,Bojongindah,adm4
32.01.10.2009,Jabonmekar,adm4
32.01.10.2010,Kayuambon,adm4
32.01.11,Gunung Sindur,adm3
32.01.11.2001,Cidokom,adm4
32.01.11.2002,Padurenan,adm4
32.01.11.2003,Pengasinan,adm4
32.01.11.2004,Curug,adm4
32.01.11.2005,Gunungsindur,adm4
32.01.11.2006,Jampang,adm4
32.01.11.2007,Cibadung,adm4
32.01.11.2008,Cibinong,adm4
32.01.11.2009,Rawakalong,adm4
32.01.11.2010,Pabuaran,adm4
32.01.12,Kemang,adm3
32.01.12.2001,Bojong,adm4
32.01.12.2002,Parakanjaya,adm4
32.01.12.2003,Kemang,adm4
32.01.12.2004,Pabuaran,adm4
32.01.12.2005,Semplak Barat,adm4
32.01.12.1006,Atang Senjaya,adm4
32.01.12.2007,Jampang,adm4
32.01.12.2008,Pondok Udik,adm4
32.01.12.2009,Tegal,adm4
32.01.13,Bojong Gede,adm3
32.01.13.2001,Bojongbaru,adm4
32.01.13.2002,Cimanggis,adm4
32.01.13.2003,Susukan,adm4
32.01.13.2004,Ragajaya,adm4
32.01.13.2005,Kedungwaringin,adm4
32.01.13.2006,Waringinjaya,adm4
32.01.13.1007,Pabuaran,adm4
32.01.13.2008,Rawapanjang,adm4
32.01.13.2009,Bojonggede,adm4
32.01.14,Leuwiliang,adm3
32.01.14.2001,Leuwiliang,adm4
32.01.14.2002,Purasari,adm4
32.01.14.2003,Karyasari,adm4
32.01.14.2004,Pabangbon,adm4
32.01.14.2005,Karacak,adm4
32.01.14.2006,Barengkok,adm4
32.01.14.2007,Leuwimekar,adm4
32.01.14.2008,Puraseda,adm4
32.01.14.2009,Cibeber I,adm4
32.01.14.2010,Cibeber II,adm4
32.01.14.2011,Karehkel,adm4
32.01.15,Ciampea,adm3
32.01.15.2001,Ciampea,adm4
32.01.15.2002,Cinangka,adm4
32.01.15.2003,Cihideungudik,adm4
32.01.15.2004,Bojongjengkol,adm4
32.01.15.2005,Tegalwaru,adm4
32.01.15.2006,Cibuntu,adm4
32.01.15.2007,Cicadas,adm4
32.01.15.2008,Cibadak,adm4
32.01.15.2009,Bojongrangkas,adm4
32.01.15.2010,Cihideunghilir,adm4
32.01.15.2011,Cibanteng,adm4
32.01.15.2012,Benteng,adm4
32.01.15.2013,Ciampea Udik,adm4
32.01.16,Cibungbulang,adm3
32.01.16.2001,Situ Udik,adm4
32.01.16.2002,Situ Ilir,adm4
32.01.16.2003,Cemplang,adm4
32.01.16.2004,Cibatok I,adm4
32.01.16.2005,Ciaruteun Udik,adm4
32.01.16.2006,Leuweungkolot,adm4
32.01.16.2007,Cimanggu I,adm4
32.01.16.2008,Cimanggu II,adm4
32.01.16.2009,Dukuh,adm4
32.01.16.2010,Cijujung,adm4
32.01.16.2011,Ciaruteun Ilir,adm4
32.01.16.2012,Cibatok II,adm4
32.01.16.2013,Sukamaju,adm4
32.01.16.2014,Galuga,adm4
32.01.16.2015,Girimulya,adm4
32.01.17,Pamijahan,adm3
32.01.17.2001,Purwabakti,adm4
32.01.17.2002,Cibunian,adm4
32.01.17.2003,Cibitungwetan,adm4
32.01.17.2004,Gunungmenyan,adm4
32.01.17.2005,Gunungbunder II,adm4
32.01.17.2006,Pasarean,adm4
32.01.17.2007,Cimayang,adm4
32.01.17.2008,Pamijahan,adm4
32.01.17.2009,Cibening,adm4
32.01.17.2010,Gunungbunder I,adm4
32.01.17.2011,Cibitung Kulon,adm4
32.01.17.2012,Gunung Picung,adm4
32.01.17.2013,Ciasihan,adm4
32.01.17.2014,Gunungsari,adm4
32.01.17.2015,Ciasmara,adm4
32.01.18,Rumpin,adm3
32.01.18.2001,Rumpin,adm4
32.01.18.2002,Leuwibatu,adm4
32.01.18.2003,Cidokom,adm4
32.01.18.2004,Gobang,adm4
32.01.18.2005,Cibodas,adm4
32.01.18.2006,Rabak,adm4
32.01.18.2007,Kampungsawah,adm4
32.01.18.2008,Cipinang,adm4
32.01.18.2009,Sukasari,adm4
32.01.18.2010,Tamansari,adm4
32.01.18.2011,Kertajaya,adm4
32.01.18.2012,Sukamulya,adm4
32.01.18.2013,Mekarsari,adm4
32.01.18.2014,Mekarjaya,adm4
32.01.19,Jasinga,adm3
32.01.19.2001,Curug,adm4
32.01.19.2002,Pangradin,adm4
32.01.19.2003,Kalongsawah,adm4
32.01.19.2004,Sipak,adm4
32.01.19.2005,Jasinga,adm4
32.01.19.2006,Koleang,adm4
32.01.19.2007,Cikopomayak,adm4
32.01.19.2008,Setu,adm4
32.01.19.2009,Barengkok,adm4
32.01.19.2010,Bagoang,adm4
32.01.19.2011,Pangaur,adm4
32.01.19.2012,Pamagersari,adm4
32.01.19.2013,Jugala Jaya,adm4
32.01.19.2014,Tegalwangi,adm4
32.01.19.2015,Neglasari,adm4
32.01.19.2016,Wirajaya,adm4
32.01.20,Parung Panjang,adm3
32.01.20.2001,Jagabaya,adm4
32.01.20.2002,Gorowong,adm4
32.01.20.2003,Dago,adm4
32.01.20.2004,Pingku,adm4
32.01.20.2005,Cikuda,adm4
32.01.20.2006,Parungpanjang,adm4
32.01.20.2007,Lumpang,adm4
32.01.20.2008,Cibunar,adm4
32.01.20.2009,Jagabita,adm4
32.01.20.2010,Gintungcilejet,adm4
32.01.20.2011,Kabasiran,adm4
32.01.21,Nanggung,adm3
32.01.21.2001,Malasari,adm4
32.01.21.2002,Curugbitung,adm4
32.01.21.2003,Cisarua,adm4
32.01.21.2004,Bantarkaret,adm4
32.01.21.2005,Hambaro,adm4
32.01.21.2006,Kalongliud,adm4
32.01.21.2007,Nanggung,adm4
32.01.21.2008,Parakanmuncang,adm4
32.01.21.2009,Pangkaljaya,adm4
32.01.21.2010,Sukaluyu,adm4
32.01.21.2011,Batu Tulis,adm4
32.01.22,Cigudeg,adm3
32.01.22.2001,Sukamaju,adm4
32.01.22.2002,Cigudeg,adm4
32.01.22.2003,Bunar,adm4
32.01.22.2004,Banyuresmi,adm4
32.01.22.2005,Cintamanik,adm4
32.01.22.2006,Argapura,adm4
32.01.22.2007,Bangunjaya,adm4
32.01.22.2008,Rengasjajar,adm4
32.01.22.2009,Batujajar,adm4
32.01.22.2010,Wargajaya,adm4
32.01.22.2011,Sukaraksa,adm4
32.01.22.2012,Banyuwangi,adm4
32.01.22.2013,Banyuasih,adm4
32.01.22.2014,Mekarjaya,adm4
32.01.22.2015,Tegallega,adm4
32.01.23,Tenjo,adm3
32.01.23.2001,Tapos,adm4
32.01.23.2002,Ciomas,adm4
32.01.23.2003,Batok,adm4
32.01.23.2004,Babakan,adm4
32.01.23.2005,Tenjo,adm4
32.01.23.2006,Cilaku,adm4
32.01.23.2007,Singabraja,adm4
32.01.23.2008,Singabangsa,adm4
32.01.23.2009,Bojong,adm4
32.01.24,Ciawi,adm3
32.01.24.2001,Cileungsi,adm4
32.01.24.2002,Citapen,adm4
32.01.24.2003,Cibedug,adm4
32.01.24.2004,Jambuluwuk,adm4
32.01.24.2005,Banjarsari,adm4
32.01.24.2006,Teluk Pinang,adm4
32.01.24.2007,Banjar Waru,adm4
32.01.24.2008,Bendungan,adm4
32.01.24.2009,Pandan Sari,adm4
32.01.24.2010,Bojong Murni,adm4
32.01.24.2011,Banjar Wangi,adm4
32.01.24.2012,Ciawi,adm4
32.01.24.2013,Bitungsari,adm4
32.01.25,Cisarua,adm3
32.01.25.2001,Batulayang,adm4
32.01.25.2002,Jogjogan,adm4
32.01.25.2003,Cibeureum,adm4
32.01.25.2004,Cilember,adm4
32.01.25.2005,Citeko,adm4
32.01.25.2006,Tugu Selatan,adm4
32.01.25.2007,Leuwimalang,adm4
32.01.25.2008,Kopo,adm4
32.01.25.2009,Tugu Utara,adm4
32.01.25.1010,Cisarua,adm4
32.01.26,Megamendung,adm3
32.01.26.2001,Sukamaju,adm4
32.01.26.2002,Kuta,adm4
32.01.26.2003,Gadog,adm4
32.01.26.2004,Sukakarya,adm4
32.01.26.2005,Megamendung,adm4
32.01.26.2006,Cipayung Datar,adm4
32.01.26.2007,Sukamanah,adm4
32.01.26.2008,Sukagalih,adm4
32.01.26.2009,Cipayung Girang,adm4
32.01.26.2010,Sukamahi,adm4
32.01.26.2011,Sukaresmi,adm4
32.01.26.2012,Pasir Angin,adm4
32.01.27,Caringin,adm3
32.01.27.2001,Pasir Muncang,adm4
32.01.27.2002,Cimande Hilir,adm4
32.01.27.2003,Ciderum,adm4
32.01.27.2004,Caringin,adm4
32.01.27.2005,Ciherang Pondok,adm4
32.01.27.2006,Cinagara,adm4
32.01.27.2007,Cimande,adm4
32.01.27.2008,Pancawati,adm4
32.01.27.2009,Muara Jaya,adm4
32.01.27.2010,Basir Buncir,adm4
32.01.27.2011,Lemah Duhur,adm4
32.01.27.2012,Tangkil,adm4
32.01.28,Cijeruk,adm3
32.01.28.2001,Cijeruk,adm4
32.01.28.2002,Cipelang,adm4
32.01.28.2003,Warung Menteng,adm4
32.01.28.2004,Tajur Halang,adm4
32.01.28.2005,Cipicung,adm4
32.01.28.2006,Cibalung,adm4
32.01.28.2007,Sukaharja,adm4
32.01.28.2008,Palasari,adm4
32.01.28.2009,Tanjungsari,adm4
32.01.29,Ciomas,adm3
32.01.29.2001,Mekarjaya,adm4
32.01.29.2002,Sukaharja,adm4
32.01.29.1003,Padasuka,adm4
32.01.29.2004,Parakan,adm4
32.01.29.2005,Ciomas,adm4
32.01.29.2006,Pagelaran,adm4
32.01.29.2007,Sukamakmur,adm4
32.01.29.2008,Ciapus,adm4
32.01.29.2009,Kota Batu,adm4
32.01.29.2010,Laladon,adm4
32.01.29.2011,Ciomas Rahayu,adm4
32.01.30,Dramaga,adm3
32.01.30.2001,Sukadamai,adm4
32.01.30.2002,Ciherang,adm4
32.01.30.2003,Sinarsari,adm4
32.01.30.2004,Sukawening,adm4
32.01.30.2005,Petir,adm4
32.01.30.2006,Purwasari,adm4
32.01.30.2007,Cikarawang,adm4
32.01.30.2008,Babakan,adm4
32.01.30.2009,Dramaga,adm4
32.01.30.2010,Neglasari,adm4
32.01.31,Tamansari,adm3
32.01.31.2001,Sukamantri,adm4
32.01.31.2002,Sirnagalih,adm4
32.01.31.2003,Pasireurih,adm4
32.01.31.2004,Tamansari,adm4
32.01.31.2005,Sukaluyu,adm4
32.01.31.2006,Sukaresmi,adm4
32.01.31.2007,Sukajaya,adm4
32.01.31.2008,Sukajadi,adm4
32.01.32,Klapanunggal,adm3
32.01.32.2001,Klapanunggal,adm4
32.01.32.2002,Bojong,adm4
32.01.32.2003,Nambo,adm4
32.01.32.2004,Lulut,adm4
32.01.32.2005,Cikahuripan,adm4
32.01.32.2006,Kembang Kuning,adm4
32.01.32.2007,Bantar Jati,adm4
32.01.32.2008,Leuwikaret,adm4
32.01.32.2009,Ligarmukti,adm4
32.01.33,Ciseeng,adm3
32.01.33.2001,Putat Nutug,adm4
32.01.33.2002,Ciseeng,adm4
32.01.33.2003,Parigi Mekar,adm4
32.01.33.2004,Cibentang,adm4
32.01.33.2005,Cibeuteung Udik,adm4
32.01.33.2006,Karihkil,adm4
32.01.33.2007,Babakan,adm4
32.01.33.2008,Cihoe,adm4
32.01.33.2009,Cibeuteung Muara,adm4
32.01.33.2010,Kuripan,adm4
32.01.34,Ranca Bungur,adm3
32.01.34.2001,Bantarjaya,adm4
32.01.34.2002,Bantarsari,adm4
32.01.34.2003,Pasirgaok,adm4
32.01.34.2004,Rancabungur,adm4
32.01.34.2005,Mekarsari,adm4
32.01.34.2006,Candali,adm4
32.01.34.2007,Cimulang,adm4
32.01.35,Sukajaya,adm3
32.01.35.2001,Cisarua,adm4
32.01.35.2002,Kiarasari,adm4
32.01.35.2003,Sukajaya,adm4
32.01.35.2004,Sipayung,adm4
32.01.35.2005,Cileuksa,adm4
32.01.35.2006,Kiarapandak,adm4
32.01.35.2007,Harkatjaya,adm4
32.01.35.2008,Sukamulih,adm4
32.01.35.2009,Pasir Madang,adm4
32.01.35.2010,Urug,adm4
32.01.35.2011,Jayaraharja,adm4
32.01.36,Tanjungsari,adm3
32.01.36.2001,Tanjungsari,adm4
32.01.36.2002,Selawangi,adm4
32.01.36.2003,Tanjungrasa,adm4
32.01.36.2004,Antajaya,adm4
32.01.36.2005,Pasir Tanjung,adm4
32.01.36.2006,Cibadak,adm4
32.01.36.2007,Sukarasa,adm4
32.01.36.2008,Sirnasari,adm4
32.01.36.2009,Buanajaya,adm4
32.01.36.2010,Sirnarasa,adm4
32.01.37,Tajurhalang,adm3
32.01.37.2001,Tajurhalang,adm4
32.01.37.2002,Citayam,adm4
32.01.37.2003,Sasak Panjang,adm4
32.01.37.2004,Nanggerang,adm4
32.01.37.2005,Sukmajaya,adm4
32.01.37.2006,Tonjong,adm4
32.01.37.2007,Kalisuren,adm4
32.01.38,Cigombong,adm3
32.01.38.2001,Cigombong,adm4
32.01.38.2002,Watesjaya,adm4
32.01.38.2003,Ciburuy,adm4
32.01.38.2004,Srogol,adm4
32.01.38.2005,Cisalada,adm4
32.01.38.2006,Tugujaya,adm4
32.01.38.2007,Pasirjaya,adm4
32.01.38.2008,Ciburayut,adm4
32.01.38.2009,Ciadeg,adm4
32.01.39,Leuwisadeng,adm3
32.01.39.2001,Leuwisadeng,adm4
32.01.39.2002,Babakan Sadeng,adm4
32.01.39.2003,Sadeng Kolot,adm4
32.01.39.2004,Wangunjaya,adm4
32.01.39.2005,Kalong I,adm4
32.01.39.2006,Kalong II,adm4
32.01.39.2007,Sadeng,adm4
32.01.39.2008,Sibanteng,adm4
32.01.40,Tenjolaya,adm3
32.01.40.2001,Tapos I,adm4
32.01.40.2002,Tapos II,adm4
32.01.40.2003,Cibitung Tengah,adm4
32.01.40.2004,Situdaun,adm4
32.01.40.2005,Cinangneng,adm4
32.01.40.2006,Gunung Malang,adm4
32.01.40.2007,Gunung Mulya,adm4
32.02,KAB. SUKABUMI,adm2
32.02.01,Palabuhanratu,adm3
32.02.01.1001,Palabuhanratu,adm4
32.02.01.2002,Tonjong,adm4
32.02.01.2003,Citepus,adm4
32.02.01.2004,Buniwangi,adm4
32.02.01.2005,Cibodas,adm4
32.02.01.2006,Pasirsuren,adm4
32.02.01.2007,Cikadu,adm4
32.02.01.2008,Citarik,adm4
32.02.01.2009,Cimanggu,adm4
32.02.01.2010,Jayanti,adm4
32.02.02,Simpenan,adm3
32.02.02.2001,Cidadap,adm4
32.02.02.2002,Loji,adm4
32.02.02.2003,Kertajaya,adm4
32.02.02.2004,Cihaur,adm4
32.02.02.2005,Cibuntu,adm4
32.02.02.2006,Mekarasih,adm4
32.02.02.2007,Sangrawayang,adm4
32.02.03,Cikakak,adm3
32.02.03.2001,Cikakak,adm4
32.02.03.2002,Cimaja,adm4
32.02.03.2003,Ridogalih,adm4
32.02.03.2004,Sukamaju,adm4
32.02.03.2005,Cileungsing,adm4
32.02.03.2006,Margalaksana,adm4
32.02.03.2007,Sirnarasa,adm4
32.02.03.2008,Gandasoli,adm4
32.02.03.2009,Cirendang,adm4
32.02.04,Bantargadung,adm3
32.02.04.2001,Bantargadung,adm4
32.02.04.2002,Mangunjaya,adm4
32.02.04.2003,Bojonggaling,adm4
32.02.04.2004,Limusnunggal,adm4
32.02.04.2005,Bantargebang,adm4
32.02.04.2006,Buanajaya,adm4
32.02.04.2007,Boyongsari,adm4
32.02.05,Cisolok,adm3
32.02.05.2001,Cisolok,adm4
32.02.05.2002,Pasir Baru,adm4
32.02.05.2003,Cikahuripan,adm4
32.02.05.2004,Cikelat,adm4
32.02.05.2005,Caringin,adm4
32.02.05.2006,Gunungkaramat,adm4
32.02.05.2007,Gunungtanjung,adm4
32.02.05.2008,Karangpapak,adm4
32.02.05.2009,Sirnaresmi,adm4
32.02.05.2010,Cicadas,adm4
32.02.05.2011,Wanajaya,adm4
32.02.05.2012,Wangunsari,adm4
32.02.05.2013,Sukarame,adm4
32.02.06,Cikidang,adm3
32.02.06.2001,Cikidang,adm4
32.02.06.2002,Cikiray,adm4
32.02.06.2003,Gunungmalang,adm4
32.02.06.2004,Pangkalan,adm4
32.02.06.2005,Cicareuh,adm4
32.02.06.2006,Taman Sari,adm4
32.02.06.2007,Bumi Sari,adm4
32.02.06.2008,Sampora,adm4
32.02.06.2009,Nangkakoneng,adm4
32.02.06.2010,Mekarnangka,adm4
32.02.06.2011,Cijambe,adm4
32.02.06.2012,Cikarae Thoyyibah,adm4
32.02.07,Lengkong,adm3
32.02.07.2001,Lengkong,adm4
32.02.07.2002,Cilangkap,adm4
32.02.07.2003,Tegallega,adm4
32.02.07.2004,Neglasari,adm4
32.02.07.2005,Langkapjaya,adm4
32.02.08,Jampangtengah,adm3
32.02.08.2001,Jampangtengah,adm4
32.02.08.2002,Padabeunghar,adm4
32.02.08.2003,Bantarpanjang,adm4
32.02.08.2004,Bojongjengkol,adm4
32.02.08.2005,Nangerang,adm4
32.02.08.2006,Tanjungsari,adm4
32.02.08.2007,Sindangresmi,adm4
32.02.08.2008,Panumbangan,adm4
32.02.08.2009,Cijulang,adm4
32.02.08.2010,Bantaragung,adm4
32.02.08.2011,Bojongtipar,adm4
32.02.09,Warungkiara,adm3
32.02.09.2001,Warungkiara,adm4
32.02.09.2002,Bojongkerta,adm4
32.02.09.2003,Girijaya,adm4
32.02.09.2004,Bantarkalong,adm4
32.02.09.2005,Hegarmanah,adm4
32.02.09.2006,Ubrug,adm4
32.02.09.2007,Sirnajaya,adm4
32.02.09.2008,Sukaharja,adm4
32.02.09.2009,Kertamukti,adm4
32.02.09.2010,Mekarjaya,adm4
32.02.09.2011,Damarraja,adm4
32.02.09.2012,Tarisi,adm4
32.02.10,Cikembar,adm3
32.02.10.2001,Cikembar,adm4
32.02.10.2002,Parakanlima,adm4
32.02.10.2003,Bojong,adm4
32.02.10.2004,Cimanggu,adm4
32.02.10.2005,Bojongkembar,adm4
32.02.10.2006,Sukamaju,adm4
32.02.10.2007,Cibatu,adm4
32.02.10.2008,Kertaraharja,adm4
32.02.10.2009,Sukamulya,adm4
32.02.10.2010,Bojongraharja,adm4
32.02.11,Cibadak,adm3
32.02.11.1001,Cibadak,adm4
32.02.11.2002,Sekarwangi,adm4
32.02.11.2003,Pamuruyan,adm4
32.02.11.2004,Karangtengah,adm4
32.02.11.2005,Neglasari,adm4
32.02.11.2006,Warnajati,adm4
32.02.11.2007,Tenjojaya,adm4
32.02.11.2008,Ciheulang Tonggoh,adm4
32.02.11.2009,Sukasirna,adm4
32.02.11.2010,Batununggal,adm4
32.02.12,Nagrak,adm3
32.02.12.2001,Kalaparea,adm4
32.02.12.2002,Pawenang,adm4
32.02.12.2003,Nagrak Utara,adm4
32.02.12.2004,Cisarua,adm4
32.02.12.2009,Balekambang,adm4
32.02.12.2010,Babakan Panjang,adm4
32.02.12.2011,Darmareja,adm4
32.02.12.2012,Cihanyawar,adm4
32.02.12.2013,Nagrak Selatan,adm4
32.02.12.2014,Girijaya,adm4
32.02.13,Parungkuda,adm3
32.02.13.2001,Parungkuda,adm4
32.02.13.2002,Palasari Hilir,adm4
32.02.13.2003,Kompa,adm4
32.02.13.2004,Pondokkaso Landeuh,adm4
32.02.13.2005,Sundawenang,adm4
32.02.13.2006,Bojongkokosan,adm4
32.02.13.2007,Langensari,adm4
32.02.13.2008,Babakanjaya,adm4
32.02.14,Bojonggenteng,adm3
32.02.14.2001,Bojonggenteng,adm4
32.02.14.2002,Cibodas,adm4
32.02.14.2003,Berekah,adm4
32.02.14.2004,Cipanengah,adm4
32.02.14.2005,Bojonggaling,adm4
32.02.15,Parakansalak,adm3
32.02.15.2001,Parakansalak,adm4
32.02.15.2002,Bojonglongok,adm4
32.02.15.2003,Sukakersa,adm4
32.02.15.2004,Sukatani,adm4
32.02.15.2005,Bojongasih,adm4
32.02.15.2006,Lebaksari,adm4
32.02.16,Cicurug,adm3
32.02.16.1001,Cicurug,adm4
32.02.16.2002,Nyangkowek,adm4
32.02.16.2003,Tenjolaya,adm4
32.02.16.2004,Benda,adm4
32.02.16.2005,Pasawahan,adm4
32.02.16.2006,Cisaat,adm4
32.02.16.2007,Purwasari,adm4
32.02.16.2008,Caringin,adm4
32.02.16.2009,Tenjoayu,adm4
32.02.16.2010,Kutajaya,adm4
32.02.16.2011,Mekarsari,adm4
32.02.16.2012,Bangbayang,adm4
32.02.16.2013,Nanggerang,adm4
32.02.17,Cidahu,adm3
32.02.17.2001,Pondokaso Tonggoh,adm4
32.02.17.2002,Babakanpari,adm4
32.02.17.2003,Pondokaso Tengah,adm4
32.02.17.2004,Cidahu,adm4
32.02.17.2005,Tangkil,adm4
32.02.17.2006,Jayabakti,adm4
32.02.17.2007,Girijaya,adm4
32.02.17.2008,Pasirdoton,adm4
32.02.18,Kalapanunggal,adm3
32.02.18.2001,Kalapanunggal,adm4
32.02.18.2002,Palasari Girang,adm4
32.02.18.2003,Pulosari,adm4
32.02.18.2004,Makasari,adm4
32.02.18.2005,Kadununggal,adm4
32.02.18.2006,Walang Sari,adm4
32.02.18.2007,Gunungendut,adm4
32.02.19,Kabandungan,adm3
32.02.19.2001,Kabandungan,adm4
32.02.19.2002,Cipeuteuy,adm4
32.02.19.2003,Cihamerang,adm4
32.02.19.2004,Tugubandung,adm4
32.02.19.2005,Mekarjaya,adm4
32.02.19.2006,Cianaga,adm4
32.02.20,Waluran,adm3
32.02.20.2001,Waluran,adm4
32.02.20.2002,Sukamukti,adm4
32.02.20.2003,Caringinnunggal,adm4
32.02.20.2004,Mekarmukti,adm4
32.02.20.2005,Mangunjaya,adm4
32.02.20.2006,Waluran Mandiri,adm4
32.02.21,Jampangkulon,adm3
32.02.21.1001,Jampangkulon,adm4
32.02.21.2002,Bojonggenteng,adm4
32.02.21.2003,Cikarang,adm4
32.02.21.2005,Bojongsari,adm4
32.02.21.2007,Nagraksari,adm4
32.02.21.2008,Mekarjaya,adm4
32.02.21.2009,Tanjung,adm4
32.02.21.2011,Ciparay,adm4
32.02.21.2013,Padajaya,adm4
32.02.21.2014,Karanganyar,adm4
32.02.21.2016,Cikaranggeusan,adm4
32.02.22,Ciemas,adm3
32.02.22.2001,Ciemas,adm4
32.02.22.2002,Cibenda,adm4
32.02.22.2003,Ciwaru,adm4
32.02.22.2004,Mekarjaya,adm4
32.02.22.2005,Girimukti,adm4
32.02.22.2006,Tamanjaya,adm4
32.02.22.2007,Mandrajaya,adm4
32.02.22.2008,Sidamulya,adm4
32.02.22.2009,Mekarsakti,adm4
32.02.23,Kalibunder,adm3
32.02.23.2001,Kalibunder,adm4
32.02.23.2002,Bojong,adm4
32.02.23.2003,Cimahpar,adm4
32.02.23.2004,Sekarsari,adm4
32.02.23.2005,Sukaluyu,adm4
32.02.23.2006,Balekambang,adm4
32.02.23.2007,Mekarwangi,adm4
32.02.24,Surade,adm3
32.02.24.2001,Jagamukti,adm4
32.02.24.2002,Citanglar,adm4
32.02.24.2003,Wanasari,adm4
32.02.24.2005,Sirnasari,adm4
32.02.24.2006,Kadaleman,adm4
32.02.24.2007,Gunungsungging,adm4
32.02.24.2008,Cipeundeuy,adm4
32.02.24.2009,Pasiripis,adm4
32.02.24.2010,Buniwangi,adm4
32.02.24.2011,Sukatani,adm4
32.02.24.2012,Kademangan,adm4
32.02.24.1013,Surade,adm4
32.02.25,Cibitung,adm3
32.02.25.2001,Talagamurni,adm4
32.02.25.2002,Banyumurni,adm4
32.02.25.2003,Cibitung,adm4
32.02.25.2004,Cidahu,adm4
32.02.25.2005,Cibodas,adm4
32.02.25.2006,Banyuwangi,adm4
32.02.26,Ciracap,adm3
32.02.26.2001,Ciracap,adm4
32.02.26.2002,Cikangkung,adm4
32.02.26.2003,Gunungbatu,adm4
32.02.26.2004,Purwasedar,adm4
32.02.26.2005,Pasirpanjang,adm4
32.02.26.2006,Mekarsari,adm4
32.02.26.2007,Ujunggenteng,adm4
32.02.26.2008,Pangumbahan,adm4
32.02.27,Gunungguruh,adm3
32.02.27.2001,Cikujang,adm4
32.02.27.2002,Gunungguruh,adm4
32.02.27.2003,Cibentang,adm4
32.02.27.2004,Sirnaresmi,adm4
32.02.27.2005,Kebonmanggu,adm4
32.02.27.2006,Cibolang,adm4
32.02.27.2007,Mangkalaya,adm4
32.02.28,Cicantayan,adm3
32.02.28.2001,Cicantayan,adm4
32.02.28.2002,Lembursawah,adm4
32.02.28.2003,Cijalingan,adm4
32.02.28.2004,Cisande,adm4
32.02.28.2005,Cimahi,adm4
32.02.28.2006,Hegarmanah,adm4
32.02.28.2007,Sikadamai,adm4
32.02.28.2008,Cimanggis,adm4
32.02.29,Cisaat,adm3
32.02.29.2001,Gunungjaya,adm4
32.02.29.2002,Sukasari,adm4
32.02.29.2003,Sukamanah,adm4
32.02.29.2004,Cisaat,adm4
32.02.29.2005,Nagrak,adm4
32.02.29.2006,Babakan,adm4
32.02.29.2007,Sukamantri,adm4
32.02.29.2008,Cibatu,adm4
32.02.29.2009,Selajambe,adm4
32.02.29.2010,Padaasih,adm4
32.02.29.2011,Cibolang Kaler,adm4
32.02.29.2012,Kutasirna,adm4
32.02.29.2013,Sukaresmi,adm4
32.02.30,Kadudampit,adm3
32.02.30.2001,Kadudampit,adm4
32.02.30.2002,Citamiang,adm4
32.02.30.2003,Muaradua,adm4
32.02.30.2004,Gedepangrango,adm4
32.02.30.2005,Sukamanis,adm4
32.02.30.2006,Undrusbinangun,adm4
32.02.30.2007,Cipetir,adm4
32.02.30.2008,Sukamaju,adm4
32.02.30.2009,Cikahuripan,adm4
32.02.31,Caringin,adm3
32.02.31.2001,Caringin Wetan,adm4
32.02.31.2002,Sukamulya,adm4
32.02.31.2003,Caringin Kulon,adm4
32.02.31.2004,Seuseupan,adm4
32.02.31.2005,Cijengkol,adm4
32.02.31.2006,Mekarjaya,adm4
32.02.31.2007,Talaga,adm4
32.02.31.2008,Cikembang,adm4
32.02.31.2009,Pasir Datar Indah,adm4
32.02.32,Sukabumi,adm3
32.02.32.2001,Parungseah,adm4
32.02.32.2002,Sudajayagirang,adm4
32.02.32.2003,Karawang,adm4
32.02.32.2004,Warnasari,adm4
32.02.32.2005,Sukajaya,adm4
32.02.32.2006,Perbawati,adm4
32.02.33,Sukaraja,adm3
32.02.33.2001,Pasirhalang,adm4
32.02.33.2002,Selawi,adm4
32.02.33.2003,Langensari,adm4
32.02.33.2004,Sukaraja,adm4
32.02.33.2005,Limbangan,adm4
32.02.33.2006,Cisarua,adm4
32.02.33.2007,Sukamekar,adm4
32.02.33.2008,Selawangi,adm4
32.02.33.2009,Margaluyu,adm4
32.02.34,Kebonpedes,adm3
32.02.34.2001,Kebonpedes,adm4
32.02.34.2002,Cikaret,adm4
32.02.34.2003,Bojongsawah,adm4
32.02.34.2004,Sasagaran,adm4
32.02.34.2005,Jambenenggang,adm4
32.02.35,Cireunghas,adm3
32.02.35.2001,Cireunghas,adm4
32.02.35.2002,Cipurut,adm4
32.02.35.2003,Bencoy,adm4
32.02.35.2004,Cikurutug,adm4
32.02.35.2005,Tegalpanjang,adm4
32.02.36,Sukalarang,adm3
32.02.36.2001,Sukalarang,adm4
32.02.36.2002,Sukamaju,adm4
32.02.36.2003,Cimangkok,adm4
32.02.36.2004,Titisan,adm4
32.02.36.2005,Semplak,adm4
32.02.36.2006,Prianganjaya,adm4
32.02.37,Pabuaran,adm3
32.02.37.2001,Pabuaran,adm4
32.02.37.2002,Ciwalat,adm4
32.02.37.2003,Sirnasari,adm4
32.02.37.2004,Bantarsari,adm4
32.02.37.2005,Sukajaya,adm4
32.02.37.2006,Cibadak,adm4
32.02.37.2007,Lembur Sawah,adm4
32.02.38,Purabaya,adm3
32.02.38.2001,Purabaya,adm4
32.02.38.2002,Neglasari,adm4
32.02.38.2003,Pagelaran,adm4
32.02.38.2004,Cimerang,adm4
32.02.38.2005,Citamiang,adm4
32.02.38.2006,Margaluyu,adm4
32.02.38.2007,Cicukang,adm4
32.02.39,Nyalindung,adm3
32.02.39.2001,Nyalindung,adm4
32.02.39.2002,Neglasari,adm4
32.02.39.2003,Sukamaju,adm4
32.02.39.2004,Bojongkalong,adm4
32.02.39.2005,Cijangkar,adm4
32.02.39.2006,Mekarsari,adm4
32.02.39.2007,Wangunreja,adm4
32.02.39.2008,Cisitu,adm4
32.02.39.2009,Bojongsari,adm4
32.02.39.2010,Kertaangsana,adm4
32.02.40,Gegerbitung,adm3
32.02.40.2001,Gegerbitung,adm4
32.02.40.2002,Cijurey,adm4
32.02.40.2003,Ciengang,adm4
32.02.40.2004,Karangjaya,adm4
32.02.40.2005,Caringin,adm4
32.02.40.2006,Sukamanah,adm4
32.02.40.2007,Buniwangi,adm4
32.02.41,Sagaranten,adm3
32.02.41.2001,Sagaranten,adm4
32.02.41.2002,Curugluhur,adm4
32.02.41.2003,Cibaregbeg,adm4
32.02.41.2004,Pasanggrahan,adm4
32.02.41.2005,Datarnangka,adm4
32.02.41.2006,Puncakmanggis,adm4
32.02.41.2007,Hegarmanah,adm4
32.02.41.2008,Gunungbentang,adm4
32.02.41.2009,Sinarbentang,adm4
32.02.41.2010,Cibitung,adm4
32.02.41.2011,Margaluyu,adm4
32.02.41.2012,Mekarsari,adm4
32.02.42,Curugkembar,adm3
32.02.42.2001,Curugkembar,adm4
32.02.42.2002,Cimenteng,adm4
32.02.42.2003,Tanjungsari,adm4
32.02.42.2004,Sindangraja,adm4
32.02.42.2005,Mekartanjung,adm4
32.02.42.2006,Nagrakjaya,adm4
32.02.42.2007,Bojongtugu,adm4
32.02.43,Cidolog,adm3
32.02.43.2001,Cidolog,adm4
32.02.43.2002,Cipamingkis,adm4
32.02.43.2003,Cikarang,adm4
32.02.43.2004,Tegallega,adm4
32.02.43.2005,Mekarjaya,adm4
32.02.44,Cidadap,adm3
32.02.44.2001,Padasenang,adm4
32.02.44.2002,Cidadap,adm4
32.02.44.2003,Banjarsari,adm4
32.02.44.2004,Hegarmulya,adm4
32.02.44.2005,Tenjolaut,adm4
32.02.44.2006,Mekartani,adm4
32.02.45,Tegalbuleud,adm3
32.02.45.2001,Tegalbuleud,adm4
32.02.45.2002,Bangbayang,adm4
32.02.45.2003,Sumberjaya,adm4
32.02.45.2004,Calingcing,adm4
32.02.45.2005,Nangela,adm4
32.02.45.2006,Rambay,adm4
32.02.45.2007,Buniasih,adm4
32.02.45.2008,Sirnamekar,adm4
32.02.46,Cimanggu,adm3
32.02.46.2001,Cimanggu,adm4
32.02.46.2002,Sukamaju,adm4
32.02.46.2003,Sukajadi,adm4
32.02.46.2004,Karangmekar,adm4
32.02.46.2005,Boregahindah,adm4
32.02.46.2006,Sukamanah,adm4
32.02.47,Ciambar,adm3
32.02.47.2001,Ciambar,adm4
32.02.47.2002,Ginanjar,adm4
32.02.47.2003,Wangunjaya,adm4
32.02.47.2004,Munjul,adm4
32.02.47.2005,Ambarjaya,adm4
32.02.47.2006,Cibunarjaya,adm4
32.03,KAB. CIANJUR,adm2
32.03.01,Cianjur,adm3
32.03.01.2001,Babakan Karet,adm4
32.03.01.2002,Nagrak,adm4
32.03.01.2003,Sukamaju,adm4
32.03.01.2004,Mekarsari,adm4
32.03.01.2005,Limbangansari,adm4
32.03.01.1006,Pamoyanan,adm4
32.03.01.1007,Sawahgede,adm4
32.03.01.1008,Bojongherang,adm4
32.03.01.1009,Sayang,adm4
32.03.01.1010,Solokpandan,adm4
32.03.01.1011,Muka,adm4
32.03.02,Warungkondang,adm3
32.03.02.2002,Jambudipa,adm4
32.03.02.2006,Cisarandi,adm4
32.03.02.2007,Cikaroya,adm4
32.03.02.2008,Bunikasih,adm4
32.03.02.2009,Ciwalen,adm4
32.03.02.2010,Tegallega,adm4
32.03.02.2011,Sukawangi,adm4
32.03.02.2014,Bunisari,adm4
32.03.02.2016,Sukamulya,adm4
32.03.02.2017,Cieundeur,adm4
32.03.02.2018,Mekarwangi,adm4
32.16,KAB. BEKASI,adm2
32.16.01,Tarumajaya,adm3
32.16.01.2001,Sagara Makmur,adm4
32.16.01.2002,Segarajaya,adm4
32.16.01.2003,Pusaka Rakyat,adm4
32.16.01.2004,Pahlawan Setia,adm4
32.16.01.2005,Setia Mulya,adm4
32.16.01.2006,Samudra Jaya,adm4
32.16.01.2007,Setia Asih,adm4
32.16.01.2008,Pantai Makmur,adm4
32.16.02,Babelan,adm3
32.16.02.2001,Bunibakti,adm4
32.16.02.2002,Muarabakti,adm4
32.16.02.2003,Kedung Pengawas,adm4
32.16.02.2004,Hurip Jaya,adm4
32.16.02.2005,Pantaihurip,adm4
32.16.02.1006,Bahagia,adm4
32.16.02.1007,Kebalen,adm4
32.16.02.2008,Babelankota,adm4
32.16.02.2009,Kedungjaya,adm4
32.75,KOTA BEKASI,adm2
32.75.01,Bekasi Timur,adm3
32.75.01.1001,Bekasijaya,adm4
32.75.01.1002,Margahayu,adm4
32.75.01.1003,Durenjaya,adm4
32.75.01.1004,Arenjaya,adm4
32.75.02,Bekasi Barat,adm3
32.75.02.1001,Bintara,adm4
32.75.02.1002,Kranji,adm4
32.75.02.1003,Kotabaru,adm4
32.75.02.1004,Bintarajaya,adm4
32.75.02.1005,Jakasampurna,adm4
32.75.03,Bekasi Utara,adm3
32.75.03.1001,Kaliabang Tengah,adm4
32.75.03.1002,Perwira,adm4
32.75.03.1003,Harapanbaru,adm4
32.75.03.1004,Teluk Pucung,adm4
32.75.03.1005,Margamulya,adm4
32.75.03.1006,Harapanjaya,adm4
32.75.04,Bekasi Selatan,adm3
32.75.04.1001,Pekayonjaya,adm4
32.75.04.1002,Margajaya,adm4
32.75.04.1003,Jakamulya,adm4
32.75.04.1004,Jakasetia,adm4
32.75.04.1005,Kayuringinjaya,adm4
32.75.05,Rawalumbu,adm3
32.75.05.1001,Bojong Rawalumbu,adm4
32.75.05.1002,Pengasinan,adm4
32.75.05.1003,Sepanjangjaya,adm4
32.75.05.1004,Bojongmenteng,adm4
32.75.06,Medansatria,adm3
32.75.06.1001,Medansatria,adm4
32.75.06.1002,Harapanmulya,adm4
32.75.06.1003,Pejuang,adm4
32.75.06.1004,Kalibaru,adm4
32.75.07,Bantargebang,adm3
32.75.07.1003,Bantargebang,adm4
32.75.07.1004,Cikiwul,adm4
32.75.07.1007,Ciketingudik,adm4
32.75.07.1008,Sumurbatu,adm4
32.75.08,Pondokgede,adm3
32.75.08.1001,Jatiwaringin,adm4
32.75.08.1002,Jatibening,adm4
32.75.08.1003,Jatimakmur,adm4
32.75.08.1006,Jatibening Baru,adm4
32.75.08.1007,Jaticempaka,adm4
32.75.09,Jatiasih,adm3
32.75.09.1001,Jatimekar,adm4
32.75.09.1002,Jatiasih,adm4
32.75.09.1003,Jatikramat,adm4
32.75.09.1004,Jatirasa,adm4
32.75.09.1005,Jatiluhur,adm4
32.75.09.1006,Jatisari,adm4
32.75.10,Jatisampurna,adm3
32.75.10.1001,Jatisampurna,adm4
32.75.10.1002,Jatikarya,adm4
32.75.10.1003,Jatiranggon,adm4
32.75.10.1004,Jatirangga,adm4
32.75.10.1005,Jatiraden,adm4
32.75.11,Mustikajaya,adm3
32.75.11.1001,Padurenan,adm4
32.75.11.1002,Cimuning,adm4
32.75.11.1003,Mustikajaya,adm4
32.75.11.1004,Mustikasari,adm4
32.75.12,Pondokmelati,adm3
32.75.12.1001,Jatirahayu,adm4
32.75.12.1002,Jatiwarna,adm4
32.75.12.1003,Jatimelati,adm4
32.75.12.1004,Jatimurni,adm4
32.76,KOTA DEPOK,adm2
32.76.01,Pancoran Mas,adm3
32.76.01.1001,Cilodong,adm4
32.76.01.1006,Depok,adm4
32.76.01.1007,Depok Jaya,adm4
32.76.01.1008,Pancoran Mas,adm4
32.76.01.1009,Mampang,adm4
32.76.01.1010,Rangkapan Jaya Baru,adm4
32.76.01.1011,Rangkapan Jaya,adm4
32.76.02,Cimanggis,adm3
32.76.02.1007,Harjamukti,adm4
32.76.02.1008,Curug,adm4
32.76.02.1009,Tugu,adm4
32.76.02.1010,Mekarsari,adm4
32.76.02.1011,Pasir Gunung Selatan,adm4
32.76.02.1012,Cisalak Pasar,adm4
32.76.03,Sawangan,adm3
32.76.03.1001,Pasir Putih,adm4
32.76.03.1002,Bedahan,adm4
32.76.03.1003,Pengasinan,adm4
32.76.03.1009,Cinangka,adm4
32.76.03.1010,Sawangan,adm4
32.76.03.1011,Sawangan Baru,adm4
32.76.03.1012,Kedaung,adm4
32.76.04,Limo,adm3
32.76.04.1001,Maruyung,adm4
32.76.04.1002,Grogol,adm4
32.76.04.1003,Krukut,adm4
32.76.04.1004,Limo,adm4
32.76.05,Sukmajaya,adm3
32.76.05.1001,Sukmajaya,adm4
32.76.05.1003,Abadi Jaya,adm4
32.76.05.1004,Mekar Jaya,adm4
32.76.05.1005,Baktijaya,adm4
32.76.05.1008,Cisalak,adm4
32.76.05.1010,Tirtajaya,adm4
32.76.06,Beji,adm3
32.76.06.1001,Beji,adm4
32.76.06.1002,Kukusan,adm4
32.76.06.1003,Tanah Baru,adm4
32.76.06.1004,Kemiri Muka,adm4
32.76.06.1005,Pondok Cina,adm4
32.76.06.1006,Beji Timur,adm4
32.76.07,Cipayung,adm3
32.76.07.1001,Cipayung,adm4
32.76.07.1002,Cipayung Jaya,adm4
32.76.07.1003,Ratu Jaya,adm4
32.76.07.1004,Bojong Pondok Terong,adm4
32.76.07.1005,Pondok Jaya,adm4
32.76.08,Cilodong,adm3
32.76.08.1001,Sukamaju,adm4
32.76.08.1002,Cilodong,adm4
32.76.08.1003,Kalibaru,adm4
32.76.08.1004,Kalimulya,adm4
32.76.08.1005,Jatimulya,adm4
32.76.09,Cinere,adm3
32.76.09.1001,Cinere,adm4
32.76.09.1002,Gandul,adm4
32.76.09.1003,Pangkalan Jati,adm4
32.76.09.1004,Pangkalan Jati Baru,adm4
32.76.10,Tapos,adm3
32.76.10.1001,Tapos,adm4
32.76.10.1002,Leuwinanggung,adm4
32.76.10.1003,Sukatani,adm4
32.76.10.1004,Sukamaju Baru,adm4
32.76.10.1005,Jatijajar,adm4
32.76.10.1006,Cilangkap,adm4
32.76.10.1007,Cimpaeun,adm4
32.76.11,Bojongsari,adm3
32.76.11.1001,Bojongsari,adm4
32.76.11.1002,Bojongsari Baru,adm4
32.76.11.1003,Serua,adm4
32.76.11.1004,Pondok Petir,adm4
32.76.11.1005,Curug,adm4
32.76.11.1006,Duren Mekar,adm4
32.76.11.1007,Duren Seribu,adm4
32.77,KOTA CIMAHI,adm2
32.77.01,Cimahi Selatan,adm3
32.77.01.1001,Melong,adm4
32.77.01.1002,Cibeureum,adm4
32.77.01.1003,Utama,adm4
32.77.01.1004,Leuwigajah,adm4
32.77.01.1005,Cibeber,adm4
32.77.02,Cimahi Tengah,adm3
32.77.02.1001,Baros,adm4
32.77.02.1002,Cigugur Tengah,adm4
32.77.02.1003,Karangmekar,adm4
32.77.02.1004,Setiamanah,adm4
32.77.02.1005,Padasuka,adm4
32.77.02.1006,Cimahi,adm4
32.77.03,Cimahi Utara,adm3
32.77.03.1001,Pasirkaliki,adm4
32.77.03.1002,Cibabat,adm4
32.77.03.1003,Citeureup,adm4
32.77.03.1004,Cipageran,adm4
32.78,KOTA TASIKMALAYA,adm2
32.78.01,Cihideung,adm3
32.78.01.1001,Yudanagara,adm4
32.78.01.1002,Nagarawangi,adm4
32.78.01.1003,Cilembang,adm4
32.78.01.1004,Argasari,adm4
32.78.01.1005,Tugujaya,adm4
32.78.01.1006,Tuguraja,adm4
32.78.02,Cipedes,adm3
32.78.02.1001,Panglayungan,adm4
32.78.02.1002,Cipedes,adm4
32.78.02.1003,Nagarasari,adm4
32.78.02.1004,Sukamanah,adm4
32.78.03,Tawang,adm3
32.78.03.1001,Tawangsari,adm4
32.78.03.1002,Empangsari,adm4
32.78.03.1003,Lengkongsari,adm4
32.78.03.1004,Cikalang,adm4
32.78.03.1005,Kahuripan,adm4
32.78.04,Indihiang,adm3
32.78.04.1003,Indihiang,adm4
32.78.04.1004,Sirnagalih,adm4
32.78.04.1005,Parakannyasag,adm4
32.78.04.1006,Panyingkiran,adm4
32.78.04.1007,Sukamaju Kaler,adm4
32.78.04.1008,Sukamaju Kidul,adm4
32.78.05,Kawalu,adm3
32.78.05.1001,Kersamenak,adm4
32.78.05.1002,Cilamajang,adm4
32.78.05.1003,Gunung Tandala,adm4
32.78.05.1004,Urug,adm4
32.78.05.1005,Tanjung,adm4
32.78.05.1006,Cibeuti,adm4
32.78.05.1007,Karanganyar,adm4
32.78.05.1008,Talagasari,adm4
32.78.05.1009,Leuwiliang,adm4
32.78.05.1010,Gunung Gede,adm4
32.78.06,Cibeureum,adm3
32.78.06.1005,Setiaratu,adm4
32.78.06.1007,Kersanagara,adm4
32.78.06.1008,Kota Baru,adm4
32.78.06.1009,Awipari,adm4
32.78.06.1010,Setianagara,adm4
32.78.06.1011,Ciherang,adm4
32.78.06.1012,Ciakar,adm4
32.78.06.1013,Margabakti,adm4
32.78.06.1014,Setiajaya,adm4
32.78.07,Tamansari,adm3
32.78.07.1001,Tamansari,adm4
32.78.07.1002,Mugarsari,adm4
32.78.07.1003,Tamanjaya,adm4
32.78.07.1004,Sumelap,adm4
32.78.07.1005,Setiawargi,adm4
32.78.07.1006,Mulyasari,adm4
32.78.07.1007,Sukahurip,adm4
32.78.07.1008,Setiamulya,adm4
32.78.08,Mangkubumi,adm3
32.78.08.1001,Mangkubumi,adm4
32.78.08.1002,Cigantang,adm4
32.78.08.1003,Karikil,adm4
32.78.08.1004,Linggajaya,adm4
32.78.08.1005,Cipawitra,adm4
32.78.08.1006,Sambongpari,adm4
32.78.08.1007,Sambongjaya,adm4
32.78.08.1008,Cipari,adm4
32.78.09,Bungursari,adm3
32.78.09.1001,Sukamulya,adm4
32.78.09.1002,Sukarindik,adm4
32.78.09.1003,Bungursari,adm4
32.78.09.1004,Sukajaya,adm4
32.78.09.1005,Cibunigeulis,adm4
32.78.09.1006,Bantarsari,adm4
32.78.09.1007,Sukalaksana,adm4
32.78.10,Purbaratu,adm3
32.78.10.1001,Sukanagara,adm4
32.78.10.1002,Sukamenak,adm4
32.78.10.1003,Purbaratu,adm4
32.78.10.1004,Sukaasih,adm4
32.78.10.1005,Sukajaya,adm4
32.78.10.1006,Singkup,adm4
32.79,KOTA BANJAR,adm2
32.79.01,Banjar,adm3
32.79.01.1001,Banjar,adm4
32.79.01.1002,Mekarsari,adm4
32.79.01.2003,Balokang,adm4
32.79.01.2004,Cibeureum,adm4
32.79.01.2005,Neglasari,adm4
32.79.01.1006,Situbatu,adm4
32.79.01.2007,Jajawar,adm4
32.79.02,Pataruman,adm3
32.79.02.1001,Hegarsari,adm4
32.79.02.1002,Pataruman,adm4
32.79.02.2003,Mulyasari,adm4
32.79.02.2004,Batulawang,adm4
32.79.02.2005,Karyamukti,adm4
32.79.02.2006,Binangun,adm4
32.79.02.2007,Sukamukti,adm4
32.79.02.2008,Sinartanjung,adm4
32.79.03,Purwaharja,adm3
32.79.03.1001,Purwaharja,adm4
32.79.03.2002,Raharja,adm4
32.79.03.2003,Mekarharja,adm4
32.79.03.1004,Karangpanimbal,adm4
32.79.04,Langensari,adm3
32.79.04.2001,Langensari,adm4
32.79.04.2002,Rejasari,adm4
32.79.04.2003,Waringinsari,adm4
32.79.04.1004,Muktisari,adm4
32.79.04.1005,Bojongkantong,adm4
32.79.04.2006,Kujangsari,adm4
33.06,KAB. PURWOREJO,adm2
33.06.01,Grabag,adm3
33.06.01.2001,Harjobinangun,adm4
33.06.01.2002,Patutrejo,adm4
33.06.01.2003,Ketawangrejo,adm4
33.06.01.2004,Munggangsari,adm4
33.06.01.2005,Kertojayan,adm4
33.06.01.2006,Pasaranom,adm4
33.06.01.2007,Ukirsari,adm4
33.06.01.2008,Nambangan,adm4
33.06.01.2009,Sumberagung,adm4
33.06.01.2010,Bendungan,adm4
33.06.01.2011,Rowodadi,adm4
33.06.01.2012,Bakurejo,adm4
33.06.01.2013,Duduwetan,adm4
33.06.01.2014,Dudukulon,adm4
33.06.01.2015,Rejosari,adm4
33.06.01.2016,Trimulyo,adm4
33.06.01.2017,Tulusrejo,adm4
33.06.01.2018,Tegalrejo,adm4
33.06.01.2019,Kalirejo,adm4
33.06.01.2020,Wonoenggal,adm4
33.06.01.2021,Banyuyoso,adm4
33.06.01.2022,Grabag,adm4
33.06.01.2023,Aglik,adm4
33.06.01.2024,Roworejo,adm4
33.06.01.2025,Tunggulrejo,adm4
33.06.01.2026,Kedungkamal,adm4
33.06.01.2027,Sangubanyu,adm4
33.06.01.2028,Dukuhdungus,adm4
33.06.01.2029,Tlepokwetan,adm4
33.06.01.2030,Tlepokkulon,adm4
33.06.01.2031,Kumpulrejo,adm4
33.06.01.2032,Kese,adm4
51,BALI,adm1
51.01,KAB. JEMBRANA,adm2
51.01.01,Negara,adm3
51.01.01.2001,Cupel,adm4
51.01.01.2002,Baluk,adm4
51.01.01.2003,Banyu Biru,adm4
51.01.01.2004,Kaliakah,adm4
51.01.01.2005,Berangbang,adm4
51.01.01.1006,Baler Bale Agung,adm4
51.01.01.1008,Banjar Tengah,adm4
51.01.01.2009,Tegal Badeng Timur,adm4
51.01.01.2010,Tegal Badeng Barat,adm4
51.01.01.2011,Pengambengan,adm4
51.01.01.1013,Lelateng,adm4
51.01.01.1014,Loloan Barat,adm4
51.01.02,Mendoyo,adm3
51.01.02.2001,Mendoyo Dauh Tukad,adm4
51.01.02.2002,Pohsanten,adm4
51.01.02.2003,Mendoyo Dangin Tukad,adm4
51.01.02.2004,Pergung,adm4
51.01.02.2005,Delodberawah,adm4
51.01.02.1006,Tegalcangkring,adm4
51.01.02.2007,Penyaringan,adm4
51.01.02.2008,Yehembang,adm4
51.01.02.2009,Yeh Sumbul,adm4
51.01.02.2010,Yehembang Kauh,adm4
51.01.02.2011,Yehembang Kangin,adm4
51.01.03,Pekutatan,adm3
51.01.03.2001,Medewi,adm4
51.01.03.2002,Pulukan,adm4
51.01.03.2003,Asahduren,adm4
51.01.03.2004,Pekutatan,adm4
51.01.03.2005,Pangyangan,adm4
51.01.03.2006,Gumbrih,adm4
51.01.03.2007,Manggissari,adm4
51.01.03.2008,Pengragoan,adm4
51.01.04,Melaya,adm3
51.01.04.1001,Gilimanuk,adm4
51.01.04.2002,Melaya,adm4
51.01.04.2003,Belimbingsari,adm4
51.01.04.2004,Ekasari,adm4
51.01.04.2005,Nusasari,adm4
51.01.04.2006,Warnasari,adm4
51.01.04.2007,Candikusuma,adm4
51.01.04.2008,Tuwed,adm4
51.01.04.2009,Tukadaya,adm4
51.01.04.2010,Manistutu,adm4
51.01.05,Jembrana,adm3
51.01.05.1001,Pendem,adm4
51.01.05.2002,Perancak,adm4
51.01.05.1003,Loloan Timur,adm4
51.01.05.2004,Batu Agung,adm4
51.01.05.1005,Dauhwaru,adm4
51.01.05.2006,Budeng,adm4
51.01.05.2007,Air Kuning,adm4
51.01.05.2008,Yehkuning,adm4
51.01.05.1009,Sangkaragung,adm4
51.01.05.2010,Dangin Tukadaya,adm4
51.02,KAB. TABANAN,adm2
51.02.01,Selemadeg,adm3
51.02.01.2001,Bajera,adm4
51.02.01.2002,Wanagiri,adm4
51.02.01.2003,Pupuan Sawah,adm4
51.02.01.2004,Berembeng,adm4
51.02.01.2005,Selemadeg,adm4
51.02.01.2006,Sarampingan,adm4
51.02.01.2007,Antap,adm4
51.02.01.2008,Wanagiri Kauh,adm4
51.02.01.2009,Manikyang,adm4
51.02.01.2010,Bajera Utara,adm4
51.02.02,Salamadeg Timur,adm3
51.02.02.2001,Gunung Salak,adm4
51.02.02.2002,Gadungan,adm4
51.02.02.2003,Bantas,adm4
51.02.02.2004,Mambang,adm4
51.02.02.2005,Megati,adm4
51.02.02.2006,Tangguntiti,adm4
51.02.02.2007,Beraban,adm4
51.02.02.2008,Tegal Mengkeb,adm4
51.02.02.2009,Dalang,adm4
51.02.02.2010,Gadungsari,adm4
51.02.03,Salemadeg Barat,adm3
51.02.03.2001,Mundeh,adm4
51.02.03.2002,Mundeh Kangin,adm4
51.02.03.2003,Lalanglinggah,adm4
51.02.03.2004,Antosari,adm4
51.02.03.2005,Lumbung,adm4
51.02.03.2006,Lumbung Kauh,adm4
51.02.03.2007,Tiing Gading,adm4
51.02.03.2008,Mundeh Kauh,adm4
51.02.03.2009,Angkah,adm4
51.02.03.2010,Selabih,adm4
51.02.03.2011,Bengkel Sari,adm4
51.02.04,Kerambitan,adm3
51.02.04.2001,Tibubiu,adm4
51.02.04.2002,Kelating,adm4
51.02.04.2003,Penarukan,adm4
51.02.04.2004,Belumbang,adm4
51.02.04.2005,Tista,adm4
51.02.04.2006,Kerambitan,adm4
51.02.04.2007,Pangkung Karung,adm4
51.02.04.2008,Samsam,adm4
51.02.04.2009,Kukuh,adm4
51.02.04.2010,Baturiti,adm4
51.02.04.2011,Meliling,adm4
51.02.04.2012,Sembung Gede,adm4
51.02.04.2013,Batuaji,adm4
51.02.04.2014,Kesiut,adm4
51.02.04.2015,Timpag,adm4
51.02.05,Tabanan
51.02.05.2001,Sudimara
51.02.05.2002,Gubug
51.02.05.2003,Bongan
51.02.05.2004,Delod Peken
51.02.05.2005,Dauh Peken
51.02.05.2006,Dajan Peken
51.02.05.2007,Denbantas
51.02.05.2008,Subamia
51.02.05.2009,Wanasari
51.02.05.2010,Tunjuk
51.02.05.2011,Buahan
51.02.05.2012,Sedandan
51.02.06,Kediri
51.02.06.2001,Bengkel
51.02.06.2002,Pangkung Tibah
51.02.06.2003,Belalang
51.02.06.2004,Beraban
51.02.06.2005,Buwit
51.02.06.2006,Cepaka
51.02.06.2007,Kaba-kaba
51.02.06.2008,Nyambu
51.02.06.2009,Pandak Bandung
51.02.06.2010,Pandak Gede
51.02.06.2011,Nyitdah
51.02.06.2012,Pejaten
51.02.06.2013,Kediri
51.02.06.2014,Abian Tuwung
51.02.06.2015,Banjar Anyar
51.02.07,Marga
51.02.07.2001,Kukuh
51.02.07.2002,Beringkit
51.02.07.2003,Peken
51.02.07.2004,Batannyuh
51.02.07.2005,Tegaljadi
51.02.07.2006,Kuwum
51.02.07.2007,Selanbawak
51.02.07.2008,Marga
51.02.07.2009,Petiga
51.02.07.2010,Cau Belayu
51.02.07.2011,Tua
51.02.07.2012,Payangan
51.02.07.2013,Marga Dajan Puri
51.02.07.2014,Marga Dauh Puri
51.02.07.2015,Geluntung
51.02.07.2016,Baru
51.02.08,Penebel
51.02.08.2001,Rejasa
51.02.08.2002,Jegu
51.02.08.2003,Riang Gede
51.02.08.2004,Buruan
51.02.08.2005,Biaung
51.02.08.2006,Pitra
51.02.08.2007,Penatahan
51.02.08.2008,Tengkudak
51.02.08.2009,Mengesta
51.02.08.2010,Penebel
51.02.08.2011,Babakan
51.02.08.2012,Senganan
51.02.08.2013,Jatiluwih
51.02.08.2014,Wongaya Gede
51.02.08.2015,Tajen
51.02.08.2016,Tegallinggah
51.02.08.2017,Pesagi
51.02.08.2018,Sangketan
51.02.09,Baturiti
51.02.09.2001,Perean
51.02.09.2002,Luwus
51.02.09.2003,Apuan
51.02.09.2004,Angseri
51.02.09.2005,Bangli
51.02.09.2006,Baturiti
51.02.09.2007,Antapan
51.02.09.2008,Candikuning
51.02.09.2009,Mekarsari
51.02.09.2010,Batunya
51.02.09.2011,Perean Tengah
51.02.09.2012,Perean Kangin
51.02.10,Pupuan
51.02.10.2001,Belimbing
51.02.10.2002,Sanda
51.02.10.2003,Batungsel
51.02.10.2004,Kebon Padangan
51.02.10.2005,Munduk Temu
51.02.10.2006,Pujungan
51.02.10.2007,Pupuan
51.02.10.2008,Bantiran
51.02.10.2009,Padangan
51.02.10.2010,Jelijih Punggung
51.02.10.2011,Belatungan
51.02.10.2012,Pajahan
51.02.10.2013,Karyasari
51.02.10.2014,Sai
51.03,KAB. BADUNG
51.03.01,Kuta
51.03.01.1001,Tuban
51.03.01.1002,Kuta
51.03.01.1003,Kedonganan
51.03.01.1004,Legian
51.03.01.1005,Seminyak
51.03.02,Mengwi
51.03.02.2001,Munggu
51.03.02.2002,Buduk
51.03.02.2003,Mengwitani
51.03.02.1004,Kapal
51.03.02.1005,Sempidi
51.03.02.2006,Penarungan
51.03.02.2007,Sembung
51.03.02.2008,Baha
51.03.02.2009,Mengwi
51.03.02.2010,Kekeran
51.03.02.2011,Sobangan
51.03.02.2012,Gulingan
51.03.02.2013,Werdi Bhuwana
51.03.02.1014,Abianbase
51.03.02.1015,Sading
51.03.02.1016,Lukluk
51.03.02.2017,Cemagi
51.03.02.2018,Pererenan
51.03.02.2019,Tumbakbayuh
51.03.02.2020,Kuwun
51.03.03,Abiansemal
51.03.03.2001,Darmasaba
51.03.03.2002,Sibangkaja
51.03.03.2003,Sibanggede
51.03.03.2004,Jagapati
51.03.03.2005,Angantaka
51.03.03.2006,Sedang
51.03.03.2007,Mambal
51.03.03.2008,Abiansemal
51.03.03.2009,Bongkasa
51.03.03.2010,Taman
51.03.03.2011,Blahkiuh
51.03.03.2012,Ayunan
51.03.03.2013,Sangeh
51.03.03.2014,Punggul
51.03.03.2015,Mekar Bhuwana
51.03.03.2016,Abiansemal Dauh Yeh Cani
51.03.03.2017,Selat
51.03.03.2018,Bongkasa Pertiwi
51.03.04,Petang
51.03.04.2001,Carangsari
51.03.04.2002,Petang
51.03.04.2003,Belok/Sidan
51.03.04.2004,Pelaga
51.03.04.2005,Getasan
51.03.04.2006,Pangsan
51.03.04.2007,Sulangai
51.03.05,Kuta Selatan
51.03.05.2001,Pecatu
51.03.05.2002,Ungasan
51.03.05.2003,Kutuh
51.03.05.1004,Benoa
51.03.05.1005,Tanjung Benoa
51.03.05.1006,Jimbaran
51.03.06,Kuta Utara
51.03.06.1001,Kerobokan Kelod
51.03.06.1002,Kerobokan
51.03.06.1003,Kerobokan Kaja
51.03.06.2004,Tibubeneng
51.03.06.2005,Canggu
51.03.06.2006,Dalung
51.04,KAB. GIANYAR
51.04.01,Sukawati
51.04.01.2001,Batubulan
51.04.01.2002,Ketewel
51.04.01.2003,Guwang
51.04.01.2004,Sukawati
51.04.01.2005,Celuk
51.04.01.2006,Singapadu
51.04.01.2007,Batuan
51.04.01.2008,Kemenuh
51.04.01.2009,Batubulan Kangin
51.04.01.2010,Singapadu Tengah
51.04.01.2011,Singapadu Kaler
51.04.01.2012,Batuan Kaler
51.04.02,Blahbatuh
51.04.02.2001,Saba
51.04.02.2002,Pering
51.04.02.2003,Keramas
51.04.02.2004,Belega
51.04.02.2005,Blahbatuh
51.04.02.2006,Buruan
51.04.02.2007,Bedulu
51.04.02.2008,Medahan
51.04.02.2009,Bona
51.04.03,Gianyar
51.04.03.2001,Tulikup
51.04.03.2002,Sidan
51.04.03.1003,Samplangan
51.04.03.2004,Lebih
51.04.03.1005,Abianbase
51.04.03.1006,Gianyar
51.04.03.1007,Bitera
51.04.03.1008,Beng
51.04.03.2009,Bakbakan
51.04.03.2010,Siangan
51.04.03.2011,Suwat
51.04.03.2012,Petak
51.04.03.2013,Serongga
51.04.03.2014,Petak Kaja
51.04.03.2015,Temesi
51.04.03.2016,Sumita
51.04.03.2017,Tegal Tugu
51.04.04,Tampaksiring
51.04.04.2001,Pejeng
51.04.04.2002,Sanding
51.04.04.2003,Tampaksiring
51.04.04.2004,Manukaya
51.04.04.2005,Pejeng Kawan
51.04.04.2006,Pejeng Kaja
51.04.04.2007,Pejeng Kangin
51.04.04.2008,Pejeng Kelod
51.04.05,Ubud
51.04.05.2001,Lodtunduh
51.04.05.2002,Mas
51.04.05.2003,Singakerta
51.04.05.2004,Kedewatan
51.04.05.1005,Ubud
51.04.05.2006,Peliatan
51.04.05.2007,Petulu
51.04.05.2008,Sayan
51.04.06,Tegallalang
51.04.06.2001,Keliki
51.04.06.2002,Tegallalang
51.04.06.2003,Kenderan
51.04.06.2004,Kedisan
51.04.06.2005,Pupuan
51.04.06.2006,Sebatu
51.04.06.2007,Taro
51.04.07,Payangan
51.04.07.2001,Melinggih
51.04.07.2002,Kelusa
51.04.07.2003,Bukian
51.04.07.2004,Puhu
51.04.07.2005,Buahan
51.04.07.2006,Kerta
51.04.07.2007,Melinggih Kelod
51.04.07.2008,Buahan Kaja
51.04.07.2009,Bresela
51.05,KAB. KLUNGKUNG
51.05.01,Nusa Penida
51.05.01.2001,Sakti
51.05.01.2002,Batumadeg
51.05.01.2003,Klumpu
51.05.01.2004,Batukandik
51.05.01.2005,Sekartaji
51.05.01.2006,Tanglad
51.05.01.2007,Suana
51.05.01.2008,Batununggul
51.05.01.2009,Kutampi
51.05.01.2010,Ped
51.05.01.2011,Kampung Toyapakeh
51.05.01.2012,Lembongan
51.05.01.2013,Jungutbatu
51.05.01.2014,Pejukutan
51.05.01.2015,Kutampi Kaler
51.05.01.2016,Bunga Mekar
51.05.02,Banjarangkan
51.05.02.2001,Negari
51.05.02.2002,Takmung
51.05.02.2003,Banjarangkan
51.05.02.2004,Tusan
51.05.02.2005,Bakas
51.05.02.2006,Getakan
51.05.02.2007,Tihingan
51.05.02.2008,Aan
51.05.02.2009,Nyalian
51.05.02.2010,Bungbungan
51.05.02.2011,Timuhun
51.05.02.2012,Nyanglan
51.05.02.2013,Tohpati
51.05.03,Klungkung
51.05.03.2001,Satra
51.05.03.2002,Tojan
51.05.03.2003,Gelgel
51.05.03.2004,Kampung Gelgel
51.05.03.2005,Jumpai
51.05.03.2006,Tangkas
51.05.03.2007,Kamasan
51.05.03.1008,Semarapura Kaja
51.05.03.1009,Semarapura Kauh
51.05.03.1010,Semarapura Tengah
51.05.03.1011,Semarapura Kangin
51.05.03.1012,Semarapura Kelod Kangin
51.05.03.1013,Semarapura Kelod
51.05.03.2014,Akah
51.05.03.2015,Manduang
51.05.03.2016,Selat
51.05.03.2017,Tegak
51.05.03.2018,Selisihan
51.05.04,Dawan
51.05.04.2001,Paksebali
51.05.04.2002,Sampalan Tengah
51.05.04.2003,Sampalan Kelod
51.05.04.2004,Sulang
51.05.04.2005,Gunaksa
51.05.04.2006,Kusamba
51.05.04.2007,Kampung Kusamba
51.05.04.2008,Pesinggahan
51.05.04.2009,Dawan Kelod
51.05.04.2010,Pikat
51.05.04.2011,Dawan Kaler
51.05.04.2012,Besan
51.06,KAB. BANGLI
51.06.01,Susut
51.06.01.2001,Apuan
51.06.01.2002,Demulih
51.06.01.2003,Abuan
51.06.01.2004,Susut
51.06.01.2005,Sulahan
51.06.01.2006,Penglumbaran
51.06.01.2007,Tiga
51.06.01.2008,Selat
51.06.01.2009,Pengiangan
51.06.02,Bangli
51.06.02.2001,Bunutin
51.06.02.2002,Tamanbali
51.06.02.1003,Bebalang
51.06.02.1004,Kawan
51.06.02.1005,Cempaga
51.06.02.1006,Kubu
51.06.02.2007,Kayubihi
51.06.02.2008,Pengotan
51.06.02.2009,Landih
51.06.03,Tembuku
51.06.03.2001,Jehem
51.06.03.2002,Tembuku
51.06.03.2003,Yangapi
51.06.03.2004,Undisan
51.06.03.2005,Bangbang
51.06.03.2006,Peninjoan
51.06.04,Kintamani
51.06.04.2001,Mengani
51.06.04.2002,Binyan
51.06.04.2003,Ulian
51.06.04.2004,Bunutin
51.06.04.2005,Langgahan
51.06.04.2006,Lembean
51.06.04.2007,Manikliyu
51.06.04.2008,Bayung Cerik
51.06.04.2009,Mangguh
51.06.04.2010,Belancan
51.06.04.2011,Katung
51.06.04.2012,Banua
51.06.04.2013,Abuan
51.06.04.2014,Bonyoh
51.06.04.2015,Sekaan
51.06.04.2016,Bayung Gede
51.06.04.2017,Sekardadi
51.06.04.2018,Kedisan
51.06.04.2019,Buahan
51.06.04.2020,Abangsongan
51.06.04.2021,Suter
51.06.04.2022,Batudinding
51.06.04.2023,Terunyan
51.06.04.2024,Songan A
51.06.04.2025,Songan B
51.06.04.2026,Batur Selatan
51.06.04.2027,Batur Tengah
51.06.04.2028,Batur Utara
51.06.04.2029,Kintamani
51.06.04.2030,Serai
51.06.04.2031,Daup
51.06.04.2032,Awan
51.06.04.2033,Gunungbau
51.06.04.2034,Belanga
51.06.04.2035,Batukaang
51.06.04.2036,Belantih
51.06.04.2037,Catur
51.06.04.2038,Pengejaran
51.06.04.2039,Selulung
51.06.04.2040,Satra
51.06.04.2041,Dausa
51.06.04.2042,Bantang
51.06.04.2043,Sukawana
51.06.04.2044,Kutuh
51.06.04.2045,Subaya
51.06.04.2046,Siakin
51.06.04.2047,Pinggan
51.06.04.2048,Belandingan
51.07,KAB. KARANGASEM
51.07.01,Rendang
51.07.01.2001,Nongan
51.07.01.2002,Rendang
51.07.01.2003,Menanga
51.07.01.2004,Besakih
51.07.01.2005,Pempatan
51.07.01.2006,Pesaban
51.07.02,Sidemen
51.07.02.2001,Tangkup
51.07.02.2002,Talibeng
51.07.02.2003,Sidemen
51.07.02.2004,Sangkan Gunung
51.07.02.2005,Telaga Tawang
51.07.02.2006,Sinduwati
51.07.02.2007,Tri Eka Buana
51.07.02.2008,Kerta Buana
51.07.02.2009,Lakasari
51.07.02.2010,Wismakerta
51.07.03,Manggis
51.07.03.2001,Gegelang
51.07.03.2002,Antiga
51.07.03.2003,Ulakan
51.07.03.2004,Manggis
51.07.03.2005,Nyuh Tebel
51.07.03.2006,Tenganan
51.07.03.2007,Ngis
51.07.03.2008,Selumbung
51.07.03.2009,Padangbai
51.07.03.2010,Antiga Kelod
51.07.03.2011,Pasedahan
51.07.03.2012,Sengkidu
51.07.04,Karangasem
51.07.04.2001,Bugbug
51.07.04.1002,Subagan
51.07.04.1003,Padang Kerta
51.07.04.1004,Karang asem
51.07.04.2005,Tumbu
51.07.04.2006,Seraya
51.07.04.2007,Seraya Barat
51.07.04.2008,Seraya Timur
51.07.04.2009,Pertima
51.07.04.2010,Tegalinggah
51.07.04.2011,Bukit
51.07.05,Abang
51.07.05.2001,Ababi
51.07.05.2002,Tiying Tali
51.07.05.2003,Bunutan
51.07.05.2004,Tista
51.07.05.2005,Abang
51.07.05.2006,Pidpid
51.07.05.2007,Datah
51.07.05.2008,Culik
51.07.05.2009,Purwakerti
51.07.05.2010,Kerta Mandala
51.07.05.2011,Labasari
51.07.05.2012,Nawa Kerti
51.07.05.2013,Kesimpar
51.07.05.2014,Tribuana
51.07.06,Bebandem
51.07.06.2001,Bungaya
51.07.06.2002,Budekeling
51.07.06.2003,Bebanden
51.07.06.2004,Sibetan
51.07.06.2005,Jungutan
51.07.06.2006,Bungaya Kangin
51.07.06.2007,Buana Giri
51.07.06.2008,Macang
51.07.07,Selat
51.07.07.2001,Muncan
51.07.07.2002,Selat
51.07.07.2003,Duda
51.07.07.2004,Sebudi
51.07.07.2005,Duda Utara
51.07.07.2006,Duda Timur
51.07.07.2007,Pering Sari
51.07.07.2008,Amerta Bhuana
51.07.08,Kubu
51.07.08.2001,Ban
51.07.08.2002,Dukuh
51.07.08.2003,Kubu
51.07.08.2004,Tianyar
51.07.08.2005,Tianyar Barat
51.07.08.2006,Tianyar Tengah
51.07.08.2007,Tulamben
51.07.08.2008,Baturinggit
51.07.08.2009,Sukadana
51.08,KAB. BULELENG
51.08.01,Gerokgak
51.08.01.2001,Sumberklampok
51.08.01.2002,Pejarakan
51.08.01.2003,Sumberkima
51.08.01.2004,Pemuteran
51.08.01.2005,Banyupoh
51.08.01.2006,Penyambangan
51.08.01.2007,Musi
51.08.01.2008,Sanggalangit
51.08.01.2009,Gerokgak
51.08.01.2010,Patas
51.08.01.2011,Pengulon
51.08.01.2012,Tinga-tinga
51.08.01.2013,Celukanbawang
51.08.01.2014,Tukadsumaga
51.08.02,Seririt
51.08.02.2001,Unggahan
51.08.02.2002,Ularan
51.08.02.2003,Ringdikit
51.08.02.2004,Rangdu
51.08.02.2005,Mayong
51.08.02.2006,Gunungsari
51.08.02.2007,Munduk Bestala
51.08.02.2008,Bestala
51.08.02.2009,Kalianget
51.08.02.2010,Joanyar
51.08.02.2011,Tangguwisia
51.08.02.2012,Sulanyah
51.08.02.2013,Bubunan
51.08.02.2014,Patemon
51.08.02.1015,Seririt
51.08.02.2016,Pengastulan
51.08.02.2017,Lokapaksa
51.08.02.2018,Pangkungparuk
51.08.02.2019,Banjarasem
51.08.02.2020,Kalisada
51.08.02.2021,Umeanyar
51.08.03,Busungbiu
51.08.03.2001,Sepang
51.08.03.2002,Tista
51.08.03.2003,Bongancina
51.08.03.2004,Pucaksari
51.08.03.2005,Telaga
51.08.03.2006,Titab
51.08.03.2007,Subuk
51.08.03.2008,Tinggarsari
51.08.03.2009,Kedis
51.08.03.2010,Kekeran
51.08.03.2011,Busungbiu
51.08.03.2012,Pelapuan
51.08.03.2013,Bengkel
51.08.03.2014,Umejero
51.08.03.2015,Sepang Kelod
51.08.04,Banjar
51.08.04.2001,Banyuseri
51.08.04.2002,Tirtasari
51.08.04.2003,Kayuputih
51.08.04.2004,Banyuatis
51.08.04.2005,Gesing
51.08.04.2006,Munduk
51.08.04.2007,Gobleg
51.08.04.2008,Pedawa
51.08.04.2009,Cempaga
51.08.04.2010,Sidetapa
51.08.04.2011,Tampekan
51.08.04.2012,Banjar Tegeha
51.08.04.2013,Banjar
51.08.04.2014,Dencarik
51.08.04.2015,Temukus
51.08.04.2016,Tigawasa
51.08.04.2017,Kaliasem
51.08.05,Sukasada
51.08.05.2001,Pancasari
51.08.05.2002,Wanagiri
51.08.05.2003,Ambengan
51.08.05.2004,Gitgit
51.08.05.2005,Pegayaman
51.08.05.2006,Silangjana
51.08.05.2007,Pegadungan
51.08.05.2008,Padangbulia
51.08.05.1009,Sukasada
51.08.05.2010,Sambangan
51.08.05.2011,Panji
51.08.05.2012,Panji Anom
51.08.05.2013,Tegallinggah
51.08.05.2014,Selat
51.08.05.2015,Kayu Putih
51.08.06,Buleleng
51.08.06.2001,Kalibukbuk
51.08.06.2002,Anturan
51.08.06.2003,Tukadmungga
51.08.06.2004,Pemaron
51.08.06.2005,Baktiseraga
51.08.06.1006,Banyuasri
51.08.06.1007,Banjar Tegal
51.08.06.1008,Kendran
51.08.06.1009,Paket Agung
51.08.06.1010,Kampung Singaraja
51.08.06.1011,Liligundi
51.08.06.1012,Beratan
51.08.06.2013,Sarimekar
51.08.06.2014,Nagasepaha
51.08.06.2015,Petandakan
51.08.06.2016,Alasangker
51.08.06.2017,Poh Bergong
51.08.06.2018,Jinangdalem
51.08.06.1019,Banyuning
51.08.06.1020,Penarukan
51.08.06.1021,Kampung Kajanan
51.08.06.1022,Astina
51.08.06.1023,Banjar Jawa
51.08.06.1024,Kaliuntu
51.08.06.1025,Kampung Anyar
51.08.06.1026,Kampung Bugis
51.08.06.1027,Banjar Bali
51.08.06.2028,Penglatan
51.08.06.1029,Kampung Baru
51.08.07,Sawan
51.08.07.2001,Lemukih
51.08.07.2002,Galungan
51.08.07.2003,Sekumpul
51.08.07.2004,Bebetin
51.08.07.2005,Sudaji
51.08.07.2006,Sawan
51.08.07.2007,Menyali
51.08.07.2008,Suwug
51.08.07.2009,Jagaraga
51.08.07.2010,Sinabun
51.08.07.2011,Kerobokan
51.08.07.2012,Sangsit
51.08.07.2013,Bungkulan
51.08.07.2014,Giri Emas
51.08.08,Kubutambahan
51.08.08.2001,Tambakan
51.08.08.2002,Pakisan
51.08.08.2003,Bontihing
51.08.08.2004,Tajun
51.08.08.2005,Tunjung
51.08.08.2006,Depeha
51.08.08.2007,Tamblang
51.08.08.2008,Bulian
51.08.08.2009,Bila
51.08.08.2010,Bengkala
51.08.08.2011,Kubutambahan
51.08.08.2012,Bukti
51.08.08.2013,Mengening
51.08.09,Tejakula
51.08.09.2001,Sembiran
51.08.09.2002,Pacung
51.08.09.2003,Julah
51.08.09.2004,Madenan
51.08.09.2005,Bondalem
51.08.09.2006,Tejakula
51.08.09.2007,Les
51.08.09.2008,Penuktukan
51.08.09.2009,Sambirenteng
51.08.09.2010,Tembok
51.71,KOTA DENPASAR
51.71.01,Denpasar Selatan
51.71.01.1001,Serangan
51.71.01.1002,Pedungan
51.71.01.1003,Sesetan
51.71.01.1004,Panjer
51.71.01.1005,Renon
51.71.01.1006,Sanur
51.71.01.2007,Sidakarya
51.71.01.2008,Pemogan
51.71.01.2009,Sanur Kaja
51.71.01.2010,Sanur Kauh
51.71.02,Denpasar Timur
51.71.02.2001,Dangin Puri Kelod
51.71.02.2002,Sumerta Kelod
51.71.02.1003,Kesiman
51.71.02.2004,Kesiman Petilan
51.71.02.2005,Kesiman Kertalangu
51.71.02.1006,Sumerta
51.71.02.2007,Sumerta Kaja
51.71.02.2008,Sumerta Kauh
51.71.02.1010,Dangin Puri
51.71.02.1014,Penatih
51.71.02.2015,Penatih Dangin Puri
51.71.03,Denpasar Barat
51.71.03.2001,Padangsambian Kelod
51.71.03.2002,Pemecutan Kelod
51.71.03.2003,Dauh Puri Kauh
51.71.03.2004,Dauh Puri Kelod
51.71.03.1005,Dauh Puri
51.71.03.2006,Dauh Puri Kangin
51.71.03.1007,Pemecutan
51.71.03.2008,Tegal Harum
51.71.03.2009,Tegal Kertha
51.71.03.1010,Padangsambian
51.71.03.2011,Padang Sambian Kaja
51.71.04,Denpasar Utara
51.71.04.2001,Dangin Puri Kangin
51.71.04.2002,Dangin Puri Kauh
51.71.04.2003,Dangin Puri Kaja
51.71.04.1004,Tonja
51.71.04.2005,Pemecutan Kaja
51.71.04.2006,Dauh Puri Kaja
51.71.04.1007,Ubung
51.71.04.2008,Ubung Kaja
51.71.04.1009,Peguyangan
51.71.04.2010,Peguyangan Kaja
51.71.04.2011,Peguyangan Kangin
52,NUSA TENGGARA BARAT
52.01,KAB. LOMBOK BARAT
52.01.01,Gerung
52.01.01.1001,Gerung Utara
52.01.01.2002,Kebon Ayu
52.01.01.2003,Gapuk
52.01.01.1004,Dasan Geres
52.01.01.2005,Suka Makmur
52.01.01.2006,Banyu Urip
52.01.01.2007,Babussalam
52.01.01.2008,Dasan Tapen
52.01.01.2009,Beleke
52.01.01.2010,Tempos
52.01.01.1011,Gerung Selatan
52.01.01.2012,Mesanggok
52.01.01.2013,Taman Ayu
52.01.01.2014,Giri Tembesi
52.01.02,Kediri
52.01.02.2001,Kediri
52.01.02.2002,Montong Are
52.01.02.2003,Jagaraga Indah
52.01.02.2004,Gelogor
52.01.02.2005,Rumak
52.01.02.2006,Banyumulek
52.01.02.2007,Ombe Baru
52.01.02.2008,Dasan Baru
52.01.02.2009,Kediri Selatan
52.01.02.2010,Lelede
52.01.03,Narmada
52.01.03.2001,Lembuak
52.01.03.2002,Nyur Lembang
52.01.03.2003,Peresak
52.01.03.2004,Keru
52.01.03.2005,Batu Kuta
52.01.03.2006,Tanak Beak
52.01.03.2007,Sedau
52.01.03.2008,Suranadi
52.01.03.2009,Selat
52.01.03.2010,Lebah Sempage
52.01.03.2011,Sesaot
52.01.03.2012,Dasan Tereng
52.01.03.2013,Badrain
52.01.03.2014,Sembung
52.01.03.2015,Kramat Jaya
52.01.03.2016,Grimax Indah
52.01.03.2017,Pakuan
52.01.03.2018,Golong
52.01.03.2019,Mekarsari
52.01.03.2020,Buwun Sejati
52.01.03.2021,Narmada
52.01.07,Sekotong
52.01.07.2001,Sekotong Tengah
52.01.07.2002,Sekotong Barat
52.01.07.2003,Pelangan
52.01.07.2004,Buwun Mas
52.01.07.2005,Kedaro
52.01.07.2006,Batu Putih
52.01.07.2007,Gili Gede Indah
52.01.07.2008,Cendi Manik
52.01.07.2009,Taman Baru
52.01.08,Labuapi
52.01.08.2001,Bengkel
52.01.08.2002,Merembu
52.01.08.2003,Bagik Polak
52.01.08.2004,Telagawaru
52.01.08.2005,Perampuan
52.01.08.2006,Bajur
52.01.08.2007,Terong Tawah
52.01.08.2008,Kuranji
52.01.08.2009,Karang Bongkot
52.01.08.2010,Labuapi
52.01.08.2011,Bagik Polak Barat
52.01.08.2012,Kuranji Dalang
52.01.09,Gunungsari
52.01.09.2001,Gunungsari
52.01.09.2002,Midang
52.01.09.2003,Sesele
52.01.09.2004,Kekait
52.01.09.2005,Kekeri
52.01.09.2006,Mambalan
52.01.09.2007,Dopang
52.01.09.2008,Penimbung
52.01.09.2009,Taman Sari
52.01.09.2010,Jatisela
52.01.09.2011,Guntur Macan
52.01.09.2012,Mekar Sari
52.01.09.2013,Ranjok
52.01.09.2014,Gelangsar
52.01.09.2015,Jeringo
52.01.09.2016,Bukittinggi
52.01.12,Lingsar
52.01.12.2001,Lingsar
52.01.12.2002,Batu Kumbang
52.01.12.2003,Sigerongan
52.01.12.2004,Duman
52.01.12.2005,Karang Bayan
52.01.12.2006,Langko
52.01.12.2007,Dasan Geria
52.01.12.2008,Peteluan Indah
52.01.12.2009,Gegerung
52.01.12.2010,Batu Mekar
52.01.12.2011,Giri Madia
52.01.12.2012,Bug-Bug
52.01.12.2013,Gegelang
52.01.12.2014,Saribaye
52.01.12.2015,Gontoran
52.01.13,Lembar
52.01.13.2001,Lembar
52.01.13.2002,Jembatan Kembar
52.01.13.2003,Mareje
52.01.13.2004,Sekotong Timur
52.01.13.2005,Labuan Tereng
52.01.13.2006,Jembatan Gantung
52.01.13.2007,Lembar Selatan
52.01.13.2008,Mareje Timur
52.01.13.2009,Jembatan Kembar Timur
52.01.13.2010,Eyat Mayang
52.01.14,Batu Layar
52.01.14.2001,Batulayar
52.01.14.2002,Meninting
52.01.14.2003,Sandik
52.01.14.2004,Lembah Sari
52.01.14.2005,Senteluk
52.01.14.2006,Senggigi
52.01.14.2007,Bengkaung
52.01.14.2008,Pusuk Lestari
52.01.14.2009,Batu Layar Barat
52.01.15,Kuripan
52.01.15.2001,Kuripan
52.01.15.2002,Jagaraga
52.01.15.2003,Kuripan Utara
52.01.15.2004,Kuripan Selatan
52.01.15.2005,Kuripan Timur
52.01.15.2006,Giri Sasak
52.02,KAB. LOMBOK TENGAH
52.02.01,Praya
52.02.01.1001,Praya
52.02.01.1002,Leneng
52.02.01.1003,Gerunung
52.02.01.1004,Semayan
52.02.01.1005,Perapen
52.02.01.1006,Tiwugalih
52.02.01.1007,Gonjak
52.02.01.1008,Panji Sari
52.02.01.1009,Renteng
52.02.01.2010,Mertak Tombok
52.02.01.2011,Aik Mual
52.02.01.2012,Montong Terep
52.02.01.2013,Jago
52.02.01.2014,Bunut Baok
52.02.01.2015,Mekar Damai
52.02.02,Jonggat
52.02.02.2001,Barejulat
52.02.02.2002,Ubung
52.02.02.2003,Jelantik
52.02.02.2004,Labulia
52.02.02.2005,Batu Tulis
52.02.02.2006,Perina
52.02.02.2007,Pengenjek
52.02.02.2008,Puyung
52.02.02.2009,Nyerot
52.02.02.2010,Sukarara
52.02.02.2011,Gemel
52.02.02.2012,Bonjeruk
52.02.02.2013,Bunkate
52.02.03,Batukliang
52.02.03.2001,Bujak
52.02.03.2002,Selebung
52.02.03.2003,Peresak
52.02.03.2004,Mantang
52.02.03.2005,Aik Darek
52.02.03.2006,Tampak Siring
52.02.03.2007,Barabali
52.02.03.2008,Beber
52.02.03.2009,Pagutan
52.02.03.2010,Mekar Bersatu
52.02.04,Pujut
52.02.04.2001,Sengkol
52.02.04.2002,Segala Anyar
52.02.04.2003,Sukadana
52.02.04.2004,Teruwai
52.02.04.2005,Pengengat
52.02.04.2006,Kawo
52.02.04.2007,Gapura
52.02.04.2008,Rembitan
52.02.04.2009,Kuta
52.02.04.2010,Pengembur
52.02.04.2011,Tumpak
52.02.04.2012,Mertak
52.02.04.2013,Prabu
52.02.04.2014,Tanak Awu
52.02.04.2015,Ketara
52.02.04.2016,Bangket Parak
52.02.05,Praya Barat
52.02.05.2001,Bonder
52.02.05.2002,Banyu Urip
52.02.05.2003,Mangkung
52.02.05.2004,Kateng
52.02.05.2005,Setanggor
52.02.05.2006,Penujak
52.02.05.2007,Selong Blanak
52.02.05.2008,Mekar Sari
52.02.05.2009,Batujai
52.02.05.2010,Tanak Rarang
52.02.06,Praya Timur
52.02.06.2001,Sukaraja
52.02.06.2002,Beleka
52.02.06.2003,Semoyang
52.02.06.2004,Mujur
52.02.06.2005,Landah
52.02.06.2006,Sengkerang
52.02.06.2007,Bilelando
52.02.06.2008,Ganti
52.02.06.2009,Marong
52.02.06.2010,Kidang
52.02.07,Janapria
52.02.07.2001,Lekor
52.02.07.2002,Langko
52.02.07.2003,Janapria
52.02.07.2004,Loang Maka
52.02.07.2005,Saba
52.02.07.2006,Bakan
52.02.07.2007,Durian
52.02.07.2008,Pendem
52.02.07.2009,Selebung Rembiga
52.02.07.2010,Kerembong
52.02.07.2011,Jango
52.02.07.2012,Setuta
52.02.08,Pringgarata
52.02.08.2001,Pringarata
52.02.08.2002,Sepakek
52.02.08.2003,Murbaya
52.02.08.2004,Bagu
52.02.08.2005,Sintung
52.02.08.2006,Bilebante
52.02.08.2007,Pemepek
52.02.08.2008,Menemeng
52.02.08.2009,Arjangka
52.02.08.2010,Taman Indah
52.02.08.2011,Sisik
52.02.09,Kopang
52.02.09.2001,Lendang Are
52.02.09.2002,Monggas
52.02.09.2003,Muncan
52.02.09.2004,Bebuak
52.02.09.2005,Kopang Rembiga
52.02.09.2006,Dasan Baru
52.02.09.2007,Montong Gamang
52.02.09.2008,Darmaji
52.02.09.2009,Wajageseng
52.02.09.2010,Aik Bual
52.02.09.2011,Semparu
52.02.10,Praya Tengah
52.02.10.1001,Gerantung
52.02.10.1002,Jontlak
52.02.10.1003,Sasake
52.02.10.2004,Jurang Jaler
52.02.10.2005,Beraim
52.02.10.2006,Batunyala
52.02.10.2007,Lajut
52.02.10.2008,Pengadang
52.02.10.2009,Kelebuh
52.02.10.2010,Pejanggik
52.02.10.2011,Dakung
52.02.10.2012,Prai Meke
52.02.11,Praya Barat Daya
52.02.11.2001,Montong Sapah
52.02.11.2002,Ungga
52.02.11.2003,Kabul
52.02.11.2004,Pelambik
52.02.11.2005,Darek
52.02.11.2006,Ranggagata
52.02.11.2007,Pandan Indah
52.02.11.2008,Serage
52.02.11.2009,Montong Ajan
52.02.11.2010,Batu Jangkih
52.02.11.2011,Teduh
52.02.12,Batukliang Utara
52.02.12.2001,Lantan
52.02.12.2002,Setiling
52.02.12.2003,Tanak Beak
52.02.12.2004,Aik Bukaq
52.02.12.2005,Teratak
52.02.12.2006,Aik Berik
52.02.12.2007,Mas-mas
52.02.12.2008,Karang Sidemen
52.03,KAB. LOMBOK TIMUR
52.03.01,Keruak
52.03.01.2001,Tanjung Luar
52.03.01.2002,Pijot
52.03.01.2003,Selebung Ketangga
52.03.01.2004,Sepit
52.03.01.2005,Batu Putik
52.03.01.2006,Senyiur
52.03.01.2007,Keruak
52.03.01.2008,Ketapang Raya
52.03.01.2009,Pijot Utara
52.03.01.2010,Dane Rase
52.03.01.2011,Ketangga Jeraeng
52.03.01.2012,Mendana Raya
52.03.01.2013,Setungkep Lingsar
52.03.01.2014,Montong Belae
52.03.01.2015,Pulau Maringkik
52.03.02,Sakra
52.03.02.2001,Suwangi
52.03.02.2002,Sakra
52.03.02.2003,Kabar
52.03.02.2004,Rumbuk
52.03.02.2005,Keselet
52.03.02.2006,Sakra Selatan
52.03.02.2007,Rumbuk Timur
52.03.02.2008,Suwangi Timur
52.03.02.2009,Moyot
52.03.02.2010,Songak
52.03.02.2011,Peresak
52.03.02.2012,Kuang Baru
52.03.03,Terara
52.03.03.2001,Jenggik
52.03.03.2002,Rarang
52.03.03.2003,Suradadi
52.03.03.2004,Santong
52.03.03.2005,Terara
52.03.03.2006,Sukadana
52.03.03.2007,Rarang Selatan
52.03.03.2008,Leming
52.03.03.2009,Lando
52.03.03.2010,Rarang Tengah
52.03.03.2011,Embung Raja
52.03.03.2012,Selagik
52.03.03.2013,Embung Kandong
52.03.03.2014,Kalianyar
52.03.03.2015,Rarang Batas
52.03.03.2016,Pandan Duri
52.03.04,Sikur
52.03.04.2001,Semaya
52.03.04.2002,Sikur
52.03.04.2003,Montong Baan
52.03.04.2004,Loyok
52.03.04.2005,Kota Raja
52.03.04.2006,Tete Batu
52.03.04.2007,Kembang Kuning
52.03.04.2008,Montong Baan Selatan
52.03.04.2009,Gelora
52.03.04.2010,Darmasari
52.03.04.2011,Tetebatu Selatan
52.03.04.2012,Jeruk Manis
52.03.04.2013,Sikur Selatan
52.03.04.2014,Sikur Barat
52.03.05,Masbagik
52.03.05.2001,Kesik
52.03.05.2002,Paokmotong
52.03.05.2003,Masbagik Selatan
52.03.05.2004,Masbagik Timur
52.03.05.2005,Masbagik Utara
52.03.05.2006,Danger
52.03.05.2007,Lendang Nangka
52.03.05.2008,Masbagik Utara Baru
52.03.05.2009,Lendang Nangka Utara
52.03.05.2010,Kumbang
52.03.06,Sukamulia
52.03.06.2001,Setanggor
52.03.06.2002,Jantuk
52.03.06.2003,Padamara
52.03.06.2004,Dasan Lekong
52.03.06.2005,Sukamulia
52.03.06.2006,Paok Pampang
52.03.06.2007,Sukamulia Timur
52.03.06.2008,Nyiur Tebel
52.03.06.2009,Setanggor Selatan
52.03.07,Selong
52.03.07.1001,Pancor
52.03.07.1002,Selong
52.03.07.1003,Kelayu Selatan
52.03.07.1004,Denggen
52.03.07.1005,Sekarteja
52.03.07.1006,Majidi
52.03.07.1007,Rakam
52.03.07.1008,Sandu Baya
52.03.07.1009,Kembang Sari
52.03.07.1010,Kelayu Utara
52.03.07.1011,Kelaju Jorong
52.03.07.2012,Danggen Timur
52.03.08,Pringgabaya
52.03.08.2001,Bagik Papan
52.03.08.2002,Apit Aik
52.03.08.2003,Kerumut
52.03.08.2004,Pohgading
52.03.08.2005,Batuyang
52.03.08.2006,Pringgabaya
52.03.08.2007,Labuhan Lombok
52.03.08.2008,Pringgabaya Utara
52.03.08.2009,Pohgading Timur
52.03.08.2010,Teko
52.03.08.2011,Anggaraksa
52.03.08.2012,Tanak Gadang
52.03.08.2013,Gunung Malang
52.03.08.2014,Seruni Mumbul
52.03.08.2015,Telaga Waru
52.03.09,Aikmel
52.03.09.2002,Aikmel
52.03.09.2003,Kalijaga
52.03.09.2004,Kembang Kerang
52.03.09.2007,Aikmel Utara
52.03.09.2008,Kalijaga Timur
52.03.09.2009,Kalijaga Selatan
52.03.09.2010,Aikmel Barat
52.03.09.2011,Kembang Kerang Daya
52.03.09.2014,Toya
52.03.09.2019,Kalijaga Tengah
52.03.09.2020,Bagik Nyaka Santri
52.03.09.2021,Aik Prapa
52.03.09.2023,Aikmel Timur
52.03.09.2024,Keroya
52.03.10,Sambelia
52.03.10.2001,Obel-obel
52.03.10.2002,Belanting
52.03.10.2003,Sambalia
52.03.10.2004,Labuhan Pandan
52.03.10.2005,Sugian
52.03.10.2006,Darakunci
52.03.10.2007,Bagik Manis
52.03.10.2008,Dadap
52.03.10.2009,Madayin
52.03.10.2010,Senanggalih
52.03.10.2011,Padak Guar
52.03.11,Montong Gading
52.03.11.2001,Pringga Jurang
52.03.11.2002,Montong Betok
52.03.11.2003,Kilang
52.03.11.2004,Perian
52.03.11.2005,Jenggik Utara
52.03.11.2006,Pringgajurang Utara
52.03.11.2007,Pesanggrahan
52.03.11.2008,Lendang Belo
52.03.12,Pringgasela
52.03.12.2001,Rempung
52.03.12.2002,Pringgasela
52.03.12.2003,Jurit
52.03.12.2004,Pengadangan
52.03.12.2005,Aik Dewa
52.03.12.2006,Jurit Baru
52.03.12.2007,Pringgasela Selatan
52.03.12.2008,Pengadangan Barat
52.03.12.2009,Timbanuh
52.03.12.2010,Pringgasela Timur
52.03.13,Suralaga
52.03.13.2001,Anjani
52.03.13.2002,Tebaban
52.03.13.2003,Kerongkong
52.03.13.2004,Bagik Payung
52.03.13.2005,Suralaga
52.03.13.2006,Bagik Payung Selatan
52.03.13.2007,Tumbuh Mulia
52.03.13.2008,Dasan Borok
52.03.13.2009,Gerung Permai
52.03.13.2010,Dames Damai
52.03.13.2011,Bagik Payung Timur
52.03.13.2012,Waringin
52.03.13.2013,Gapuk
52.03.13.2014,Bintang Rinjani
52.03.13.2015,Paok Lombok
52.03.14,Wanasaba
52.03.14.2001,Mamben Daya
52.03.14.2002,Mamben Lauk
52.03.14.2003,Wanasaba
52.03.14.2004,Karang Baru
52.03.14.2005,Bebidas
52.03.14.2006,Tembeng Putik
52.03.14.2007,Wanasaba Lauk
52.03.14.2008,Beriri Jarak
52.03.14.2009,Bandok
52.03.14.2010,Mamben Baru
52.03.14.2011,Otak Rarangan
52.03.14.2012,Jineng
52.03.14.2013,Wanasaba Daya
52.03.14.2014,Karang Baru Timur
52.03.15,Sembalun
52.03.15.2001,Sembalun Bumbung
52.03.15.2002,Sembalun Lawang
52.03.15.2003,Sajang
52.03.15.2004,Bilok Petung
52.03.15.2005,Sembalun
52.03.15.2006,Sembalun Timba Gading
52.03.16,Suwela
52.03.16.2001,Selaparang
52.03.16.2002,Ketangga
52.03.16.2003,Suntalangu
52.03.16.2004,Suela
52.03.16.2005,Sapit
52.03.16.2006,Perigi
52.03.16.2007,Mekar Sari
52.03.16.2008,Puncak Jeringo
52.03.17,Labuhan Haji
52.03.17.2001,Labuhan Haji
52.03.17.2002,Peneda Gandor
52.03.17.2003,Teros
52.03.17.1004,Tanjung
52.03.17.1005,Suryawangi
52.03.17.2006,Korleko
52.03.17.1007,Ijobalit
52.03.17.2008,Kertasari
52.03.17.2009,Tirtanadi
52.03.17.2010,Banjarsari
52.03.17.2011,Korleko Selatan
52.03.17.1012,Geres
52.03.18,Sakra Timur
52.03.18.2001,Gelanggang
52.03.18.2002,Surabaya
52.03.18.2003,Lepak
52.03.18.2004,Gereneng
52.03.18.2005,Montong Tangi
52.03.18.2006,Menceh
52.03.18.2007,Lepak Timur
52.03.18.2008,Surabaya Utara
52.03.18.2009,Gereneng Timur
52.03.18.2010,Lenting
52.03.19,Sakra Barat
52.03.19.2001,Sukarara
52.03.19.2002,Gunung Rajak
52.03.19.2003,Rensing
52.03.19.2004,Bungtiang
52.03.19.2005,Pengkelak Mas
52.03.19.2006,Borok Toyang
52.03.19.2007,Rensing Raya
52.03.19.2008,Pematung
52.03.19.2009,Jerogunung
52.03.19.2010,Pejaring
52.03.19.2011,Boyemare
52.03.19.2012,Montong Beter
52.03.19.2013,Mengkuru
52.03.19.2014,Gadungmas
52.03.19.2015,Kembang Are Sampai
52.03.19.2016,Rensing Bat
52.03.19.2017,Tanak Kaken
52.03.19.2018,Gerisak Semanggeleng
52.03.20,Jerowaru
52.03.20.2001,Batu Nampar
52.03.20.2002,Sukaraja
52.03.20.2003,Jerowaru
52.03.20.2004,Pemongkong
52.03.20.2005,Sekaroh
52.03.20.2006,Pandan Wangi
52.03.20.2007,Wakan
52.03.20.2008,Kwang Rundun
52.03.20.2009,Ekas Buana
52.03.20.2010,Sepapan
52.03.20.2011,Seriwe
52.03.20.2012,Pene
52.03.20.2013,Batunampar Selatan
52.03.20.2014,Sukadamai
52.03.20.2015,Pare Mas
52.03.21,Lenek
52.03.21.2001,Lenek
52.03.21.2002,Lenek Lauk
52.03.21.2003,Lenek Daya
52.03.21.2004,Lenek Baru
52.03.21.2005,Lenek Kalibambang
52.03.21.2006,Lenek Pasiraman
52.03.21.2007,Lenek Ramban Biak
52.03.21.2008,Lenek Duren
52.03.21.2009,Sukarema
52.03.21.2010,Kalijaga Baru
52.04,KAB. SUMBAWA
52.04.02,Lunyuk
52.04.02.2001,Lunyuk Rea
52.04.02.2002,Lunyuk Ode
52.04.02.2003,Jamu
52.04.02.2007,Pada Suka
52.04.02.2008,Suka Maju
52.04.02.2009,Perung
52.04.02.2010,Emang Lestari
52.04.05,Alas
52.04.05.2001,Luar
52.04.05.2002,Baru
52.04.05.2003,Kalimango
52.04.05.2004,Marente
52.04.05.2005,Juran Alas
52.04.05.2006,Dalam
52.04.05.2007,Pulau Bungin
52.04.05.2012,Labuhan Alas
52.04.06,Utan
52.04.06.2001,Stowe Brang
52.04.06.2002,Labuhan Bajo
52.04.06.2003,Pukat
52.04.06.2004,Orong Bawa
52.04.06.2005,Jorok
52.04.06.2006,Motong
52.04.06.2007,Tengah
52.04.06.2008,Sebedo
52.04.06.2012,Bale Brang
52.04.07,Batu Lanteh
52.04.07.2001,Batu Rotok
52.04.07.2002,Tangkam Pulit
52.04.07.2003,Bao Desa
52.04.07.2004,Tepal
52.04.07.2005,Batu Dulang
52.04.07.2006,Kelungkung
52.04.08,Sumbawa
52.04.08.1001,Samapuin
52.04.08.1002,Brang Bara
52.04.08.1003,Pekat
52.04.08.1004,Seketeng
52.04.08.1005,Bugis
52.04.08.1006,Lempeh
52.04.08.1007,Brang Biji
52.04.08.1008,Uma Sima
52.04.09,Moyo Hilir
52.04.09.2001,Moyo
52.04.09.2002,Kakiang
52.04.09.2003,Ngeru
52.04.09.2004,Berare
52.04.09.2005,Poto
52.04.09.2009,Serading
52.04.09.2010,Olat Rawa
52.04.09.2011,Batu Bangka
52.04.09.2013,Moyo Mekar
52.04.09.2014,Labuhan Ijuk
52.04.10,Moyo Hulu
52.04.10.2001,Sempe
52.04.10.2002,Semamung
52.04.10.2003,Sebasang
52.04.10.2004,Batu Tering
52.04.10.2005,Batu Bulan
52.04.10.2006,Mokong
52.04.10.2007,Pernek
52.04.10.2008,Leseng
52.04.10.2009,Lito
52.04.10.2010,Marga Karya
52.04.10.2011,Maman
52.04.10.2012,Brang Rea
52.04.11,Ropang
52.04.11.2002,Lebin
52.04.11.2003,Lebangkar
52.04.11.2008,Ropang
52.04.11.2009,Lawin
52.04.11.2010,Ranan
52.04.12,Lape
52.04.12.2003,Lape
52.04.12.2005,Labuhan Kuris
52.04.12.2006,Dete
52.04.12.2009,Hijrah
52.04.13,Plampang
52.04.13.2003,Muer
52.04.13.2004,Plampang
52.04.13.2005,Teluk Santong
52.04.13.2006,Sepayung
52.04.13.2007,Sepakat
52.04.13.2008,UPT. Perode SP I
52.04.13.2009,UPT. Perode SP II
52.04.13.2010,UPT Perode SP III
52.04.13.2012,Selanteh
52.04.13.2013,Brang Kolong
52.04.13.2014,Usar
52.04.14,Empang
52.04.14.2001,Boal
52.04.14.2002,Jotang
52.04.14.2003,Empang Atas
52.04.14.2004,Empang Bawa
52.04.14.2005,Ongko
52.04.14.2012,Lamenta
52.04.14.2013,Gapit
52.04.14.2014,Pamanto
52.04.14.2015,Bunga Eja
52.04.14.2016,Jotang Beru
52.04.17,Alas Barat
52.04.17.2001,Mapin Rea
52.04.17.2002,Mapin Kebak
52.04.17.2003,Labuhan Mapin
52.04.17.2004,Lekong
52.04.17.2005,Gontar
52.04.17.2006,Usar Mapin
52.04.17.2007,Gontar Baru
52.04.17.2008,Mapin Beru
52.04.18,Labuhan Badas
52.04.18.2001,Labuhan Badas
52.04.18.2002,Karang Dima
52.04.18.2003,Labuhan Sumbawa
52.04.18.2004,Labuhan Aji
52.04.18.2005,Sebotok
52.04.18.2006,Bajo Medang
52.04.18.2007,Bugis Medang
52.04.19,Labangka
52.04.19.2001,Labangka
52.04.19.2002,Sekokat
52.04.19.2003,Suka Mulya
52.04.19.2004,Suka Damai
52.04.19.2005,Jaya Makmur
52.04.20,Buer
52.04.20.2001,Tarusa
52.04.20.2002,Juru Mapin
52.04.20.2003,Kalabeso
52.04.20.2004,Labuhan Burung
52.04.20.2005,Pulau Kaung
52.04.20.2006,Buin Baru
52.04.21,Rhee
52.04.21.2001,Rhee
52.04.21.2002,Sampe
52.04.21.2003,Luk
52.04.21.2004,Rhee Loka
52.04.22,Unter Iwes
52.04.22.2001,Pelat
52.04.22.2002,Kerekeh
52.04.22.2003,Boak
52.04.22.2004,Jorok
52.04.22.2005,Kerato
52.04.22.2006,Pungka
52.04.22.2007,Uma Beringin
52.04.22.2008,Nijang
52.04.23,Moyo Utara
52.04.23.2001,Pungkit
52.04.23.2002,Sebewe
52.04.23.2003,Penyaring
52.04.23.2004,Kukin
52.04.23.2005,Baru Tahan
52.04.23.2006,Songkar
52.04.24,Maronge
52.04.24.2001,Simu
52.04.24.2002,Maronge
52.04.24.2003,Pamasar
52.04.24.2004,Labuhan Sangoro
52.04.25,Tarano
52.04.25.2001,Bantulante
52.04.25.2002,Labuhan Bontong
52.04.25.2003,Labuhan Aji
52.04.25.2004,Labuhan Jambu
52.04.25.2005,Mata
52.04.25.2006,Tolo Oi
52.04.25.2007,Banda
52.04.25.2008,Labuhan Pidang
52.04.26,Lopok
52.04.26.2001,Pungkit
52.04.26.2002,Berora
52.04.26.2003,Lopok
52.04.26.2004,Langam
52.04.26.2005,Mamak
52.04.26.2006,Lopok Beru
52.04.26.2007,Tatede
52.04.27,Lenangguar
52.04.27.2001,Tatebal
52.04.27.2002,Lenangguar
52.04.27.2003,Ledang
52.04.27.2004,Telaga
52.04.28,Orong Telu
52.04.28.2001,Senawang
52.04.28.2002,Kelawis
52.04.28.2003,Mungkin
52.04.28.2004,Sebeok
52.04.29,Lantung
52.04.29.2001,Lantung
52.04.29.2002,Sepukur
52.04.29.2003,Ai Mual
52.04.29.2004,Padesa